/*
SQLyog Ultimate v11.11 (64 bit)
MySQL - 5.5.5-10.1.19-MariaDB : Database - arafahtw
*********************************************************************
*/

/*!40101 SET NAMES utf8 */;

/*!40101 SET SQL_MODE=''*/;

/*!40014 SET @OLD_UNIQUE_CHECKS=@@UNIQUE_CHECKS, UNIQUE_CHECKS=0 */;
/*!40014 SET @OLD_FOREIGN_KEY_CHECKS=@@FOREIGN_KEY_CHECKS, FOREIGN_KEY_CHECKS=0 */;
/*!40101 SET @OLD_SQL_MODE=@@SQL_MODE, SQL_MODE='NO_AUTO_VALUE_ON_ZERO' */;
/*!40111 SET @OLD_SQL_NOTES=@@SQL_NOTES, SQL_NOTES=0 */;
/*Table structure for table `c_paket` */

DROP TABLE IF EXISTS `c_paket`;

CREATE TABLE `c_paket` (
  `id_paket` int(10) NOT NULL AUTO_INCREMENT,
  `file_path` varchar(255) DEFAULT NULL,
  `file_name` varchar(255) DEFAULT NULL,
  `created_at` datetime DEFAULT NULL,
  `updated_at` datetime DEFAULT NULL,
  PRIMARY KEY (`id_paket`)
) ENGINE=InnoDB AUTO_INCREMENT=13 DEFAULT CHARSET=latin1;

/*Data for the table `c_paket` */

insert  into `c_paket`(`id_paket`,`file_path`,`file_name`,`created_at`,`updated_at`) values (1,'assets/images/paket/','paket-190822202940.jpg','2019-08-22 20:58:16',NULL),(2,'assets/images/paket/','paket-190822203014.jpg','2019-08-22 20:58:18',NULL),(3,'assets/images/paket/','paket-190822203023.jpg','2019-08-22 20:58:21',NULL),(4,'assets/images/paket/','paket-190822203033.jpg','2019-08-22 20:58:24',NULL),(5,'assets/images/paket/','paket-190822203044.jpg','2019-08-22 20:58:26',NULL),(6,'assets/images/paket/','paket-190822203057.jpg','2019-08-22 20:58:29',NULL),(7,'assets/images/paket/','paket-190822203108.jpg','2019-08-22 20:58:32',NULL),(8,'assets/images/paket/','paket-190822203116.jpg','2019-08-22 20:58:34',NULL),(9,'assets/images/paket/','paket-190822203125.jpg','2019-08-22 20:58:36',NULL),(10,'assets/images/paket/','paket-190822203136.jpg','2019-08-22 20:58:38',NULL),(11,'assets/images/paket/','paket-190822203145.png','2019-08-22 20:58:40',NULL),(12,'assets/images/paket/','paket-190822203153.png','2019-08-22 20:58:43',NULL);

/*Table structure for table `c_promo` */

DROP TABLE IF EXISTS `c_promo`;

CREATE TABLE `c_promo` (
  `id_promo` int(10) NOT NULL AUTO_INCREMENT,
  `promo_name` varchar(255) DEFAULT NULL,
  `promo_price` varchar(100) DEFAULT NULL,
  `promo_description` text,
  `promo_file_path` varchar(255) DEFAULT NULL,
  `promo_file_name` varchar(255) DEFAULT NULL,
  `created_at` datetime DEFAULT NULL,
  `updated_at` datetime DEFAULT NULL,
  PRIMARY KEY (`id_promo`)
) ENGINE=InnoDB DEFAULT CHARSET=latin1;

/*Data for the table `c_promo` */

/*Table structure for table `c_sliders` */

DROP TABLE IF EXISTS `c_sliders`;

CREATE TABLE `c_sliders` (
  `id_slide` int(10) NOT NULL AUTO_INCREMENT,
  `id_staff` int(10) DEFAULT NULL,
  `title` varchar(255) DEFAULT NULL,
  `file_path` varchar(255) DEFAULT NULL,
  `file_name` varchar(255) DEFAULT NULL,
  `description` text,
  `created_at` datetime DEFAULT NULL,
  `updated_at` datetime DEFAULT NULL,
  PRIMARY KEY (`id_slide`)
) ENGINE=InnoDB AUTO_INCREMENT=13 DEFAULT CHARSET=latin1;

/*Data for the table `c_sliders` */

insert  into `c_sliders`(`id_slide`,`id_staff`,`title`,`file_path`,`file_name`,`description`,`created_at`,`updated_at`) values (2,0,'Rumah Impian','assets/images/sliders/','slide-190822093425.jpg','','2019-08-22 09:34:25','2019-09-05 14:56:40'),(9,0,'Jadi Mitra Arafah','assets/images/sliders/','slide-190828173240.jpeg','																												','2019-08-28 17:32:40','2019-09-05 14:56:04'),(10,0,'Dirgayayu Ke-74','assets/images/sliders/','slide-190828173408.jpeg','																												','2019-08-28 17:34:08','2019-09-05 14:55:38'),(11,0,'ARAFAH Diskon HP September 2019','assets/images/sliders/','slide-190907225126.jpeg','														','2019-09-07 22:51:26',NULL),(12,0,'PROMO Hari Pelanggan Nasional','assets/images/sliders/','slide-190907225320.jpeg','														','2019-09-07 22:53:20',NULL);

/*Table structure for table `p_categories` */

DROP TABLE IF EXISTS `p_categories`;

CREATE TABLE `p_categories` (
  `id_categories` int(10) NOT NULL AUTO_INCREMENT,
  `name` varchar(255) NOT NULL,
  `file_path` varchar(100) DEFAULT NULL,
  `file_name` varchar(100) DEFAULT NULL,
  `created_at` datetime DEFAULT NULL,
  `updated_at` datetime DEFAULT NULL,
  PRIMARY KEY (`id_categories`)
) ENGINE=InnoDB AUTO_INCREMENT=9 DEFAULT CHARSET=latin1;

/*Data for the table `p_categories` */

insert  into `p_categories`(`id_categories`,`name`,`file_path`,`file_name`,`created_at`,`updated_at`) values (1,'PAKET','assets/images/contents/','1-paket-arafah.png',NULL,NULL),(2,'Elektronik','assets/images/contents/','2-category-elektronik.png',NULL,NULL),(3,'Furniture','assets/images/contents/','3-category-furniture.png',NULL,NULL),(4,'Sofa & Jati','assets/images/contents/','4-category-sofa-jati.png',NULL,NULL),(5,'Spring Bed','assets/images/contents/','5-category-spring-bed.png',NULL,NULL),(6,'Motor','assets/images/contents/','6-category-motor.png',NULL,NULL),(7,'Bahan Bangunan','assets/images/contents/','7-category-bahan-bangunan.png',NULL,NULL),(8,'Gadget','assets/images/contents/','8-category-gadget.png',NULL,NULL);

/*Table structure for table `p_category_sub` */

DROP TABLE IF EXISTS `p_category_sub`;

CREATE TABLE `p_category_sub` (
  `id_category_sub` int(10) NOT NULL AUTO_INCREMENT,
  `id_categories` int(10) NOT NULL,
  `name` varchar(255) NOT NULL,
  `file_path` varchar(100) DEFAULT NULL,
  `file_name` varchar(100) DEFAULT NULL,
  `created_at` datetime DEFAULT NULL,
  `updated_at` datetime DEFAULT NULL,
  PRIMARY KEY (`id_category_sub`)
) ENGINE=InnoDB AUTO_INCREMENT=21 DEFAULT CHARSET=latin1;

/*Data for the table `p_category_sub` */

insert  into `p_category_sub`(`id_category_sub`,`id_categories`,`name`,`file_path`,`file_name`,`created_at`,`updated_at`) values (1,6,'Honda','assets/images/contents/','6.1-category-motor-honda.png',NULL,NULL),(2,6,'Yamaha','assets/images/contents/','6.2-category-motor-yamaha.png',NULL,NULL),(3,8,'Handphone','assets/images/contents/','8.1-category-gadget-handphone.png',NULL,NULL),(4,8,'Kamera','assets/images/contents/','8.2-category-gadget-kamera.png',NULL,NULL),(5,8,'Laptop','assets/images/contents/','8.3-category-gadget-laptop.png',NULL,NULL),(6,2,'TV & Audio','assets/images/contents/','2.1-icon-elektronik-tv-audio.png',NULL,NULL),(7,2,'Kulkas','assets/images/contents/','2.2-icon-elektronik-kulkas.png',NULL,NULL),(8,2,'Mesin Cuci','assets/images/contents/','2.3-icon-elektronik-mesin-cuci.png',NULL,NULL),(9,2,'AC & Elektronik lainnya','assets/images/contents/','2.4-icon-elektronik-ac-lainnya.png',NULL,NULL),(10,3,'Lemari Pakaian','assets/images/contents/','3.1-icon-furniture-lemari.png',NULL,NULL),(11,3,'Rak TV','assets/images/contents/','3.2-icon-furniture-rak-tv.png',NULL,NULL),(12,3,'Meja Belajar','assets/images/contents/','3.3-icon-furniture-meja-belajar.png',NULL,NULL),(13,3,'Dapur','assets/images/contents/','3.4-icon-furniture-dapur.png',NULL,NULL),(14,3,'Kamar Set Dewasa','assets/images/contents/','3.5-icon-furniture-kamar-set-dewasa.png',NULL,NULL),(15,3,'Kamar Set Anak','assets/images/contents/','3.6-icon-furniture-kamar-set-anak.png',NULL,NULL),(16,3,'Dapur Set','assets/images/contents/','3.7-icon-furniture-dapur-set.png',NULL,NULL),(17,5,'Dewasa','assets/images/contents/','5.1-icon-spring-bed-dewasa.png',NULL,NULL),(18,5,'Anak','assets/images/contents/','5.2-icon-spring-bed-anak.png',NULL,NULL),(19,4,'Sofa','assets/images/contents/','4.1-icon-sofa.png',NULL,NULL),(20,4,'Jati','assets/images/contents/','4.2-icon-jati.png',NULL,NULL);

/*Table structure for table `p_category_type` */

DROP TABLE IF EXISTS `p_category_type`;

CREATE TABLE `p_category_type` (
  `id_category_type` int(10) NOT NULL AUTO_INCREMENT,
  `id_category_sub` int(10) NOT NULL,
  `name` varchar(255) NOT NULL,
  `created_at` datetime DEFAULT NULL,
  `updated_at` datetime DEFAULT NULL,
  PRIMARY KEY (`id_category_type`)
) ENGINE=InnoDB DEFAULT CHARSET=latin1;

/*Data for the table `p_category_type` */

/*Table structure for table `p_product_categories` */

DROP TABLE IF EXISTS `p_product_categories`;

CREATE TABLE `p_product_categories` (
  `id_product_categories` int(10) NOT NULL AUTO_INCREMENT,
  `id_products` int(10) NOT NULL,
  `id_categories` int(10) DEFAULT NULL,
  `id_category_sub` int(10) DEFAULT NULL,
  `id_category_type` int(10) DEFAULT NULL,
  `product_tags` text,
  `created_at` datetime DEFAULT NULL,
  `updated_at` datetime DEFAULT NULL,
  PRIMARY KEY (`id_product_categories`)
) ENGINE=InnoDB AUTO_INCREMENT=102 DEFAULT CHARSET=latin1;

/*Data for the table `p_product_categories` */

insert  into `p_product_categories`(`id_product_categories`,`id_products`,`id_categories`,`id_category_sub`,`id_category_type`,`product_tags`,`created_at`,`updated_at`) values (1,1,2,6,NULL,NULL,'2019-08-13 13:55:54','2019-08-24 18:09:35'),(2,2,2,6,NULL,NULL,'2019-08-13 13:58:26',NULL),(3,3,2,6,NULL,NULL,'2019-08-13 13:59:11',NULL),(4,4,2,6,NULL,NULL,'2019-08-13 14:02:35',NULL),(5,5,2,6,NULL,NULL,'2019-08-13 14:03:29',NULL),(6,6,2,6,NULL,NULL,'2019-08-13 14:04:08',NULL),(7,7,2,6,NULL,NULL,'2019-08-13 14:04:49',NULL),(8,8,2,6,NULL,NULL,'2019-08-13 14:05:56',NULL),(9,9,2,6,NULL,NULL,'2019-08-13 14:06:36',NULL),(10,10,2,9,NULL,NULL,'2019-08-13 14:07:15',NULL),(11,11,2,9,NULL,NULL,'2019-08-13 14:07:57',NULL),(12,12,2,7,NULL,NULL,'2019-08-13 16:46:01',NULL),(13,13,2,7,NULL,NULL,'2019-08-13 16:46:40',NULL),(14,14,2,7,NULL,NULL,'2019-08-13 16:47:21',NULL),(15,15,2,7,NULL,NULL,'2019-08-13 16:47:57',NULL),(16,16,2,7,NULL,NULL,'2019-08-13 16:50:12',NULL),(17,17,2,7,NULL,NULL,'2019-08-13 16:50:42',NULL),(18,18,2,7,NULL,NULL,'2019-08-13 16:51:11',NULL),(19,19,2,7,NULL,NULL,'2019-08-13 16:51:45',NULL),(20,20,2,8,NULL,NULL,'2019-08-13 16:52:21',NULL),(21,21,2,8,NULL,NULL,'2019-08-13 16:53:03',NULL),(22,22,2,8,NULL,NULL,'2019-08-13 16:53:35',NULL),(23,23,2,8,NULL,NULL,'2019-08-13 16:54:26',NULL),(24,24,3,11,NULL,NULL,'2019-08-13 16:57:38',NULL),(25,25,3,11,NULL,NULL,'2019-08-13 16:58:04',NULL),(26,26,3,11,NULL,NULL,'2019-08-13 16:58:28',NULL),(27,27,3,11,NULL,NULL,'2019-08-13 16:58:58',NULL),(28,28,3,11,NULL,NULL,'2019-08-13 16:59:32',NULL),(29,29,3,11,NULL,NULL,'2019-08-13 17:00:00',NULL),(30,30,3,12,NULL,NULL,'2019-08-13 17:00:43',NULL),(31,31,3,12,NULL,NULL,'2019-08-13 17:01:11',NULL),(32,32,3,10,NULL,NULL,'2019-08-13 17:01:45',NULL),(33,33,3,10,NULL,NULL,'2019-08-13 17:02:28',NULL),(34,34,3,12,NULL,NULL,'2019-08-13 17:03:03',NULL),(35,35,3,12,NULL,NULL,'2019-08-13 17:06:28',NULL),(36,36,3,10,NULL,NULL,'2019-08-13 17:07:13',NULL),(37,37,3,12,NULL,NULL,'2019-08-13 17:07:39',NULL),(38,38,3,16,NULL,NULL,'2019-08-13 17:08:15',NULL),(39,39,3,13,NULL,NULL,'2019-08-13 17:08:49',NULL),(40,40,3,13,NULL,NULL,'2019-08-13 17:09:23',NULL),(41,41,3,13,NULL,NULL,'2019-08-13 17:10:09',NULL),(42,42,3,16,NULL,NULL,'2019-08-13 17:11:26',NULL),(43,43,4,19,NULL,NULL,'2019-08-13 17:13:58','2019-08-28 19:56:04'),(44,44,4,19,NULL,NULL,'2019-08-13 17:14:18','2019-08-29 17:52:56'),(45,45,4,19,NULL,NULL,'2019-08-13 17:14:43','2019-08-29 17:52:00'),(46,46,4,19,NULL,NULL,'2019-08-13 17:15:07','2019-08-28 19:57:30'),(47,47,4,19,NULL,NULL,'2019-08-13 17:15:33','2019-08-29 17:55:01'),(48,48,4,20,NULL,NULL,'2019-08-13 17:21:20','2019-08-28 19:58:12'),(49,49,4,20,NULL,NULL,'2019-08-13 17:21:46','2019-08-28 19:58:30'),(50,50,4,19,NULL,NULL,'2019-08-13 17:22:12','2019-08-28 19:58:45'),(51,51,4,19,NULL,NULL,'2019-08-13 17:22:45','2019-08-28 19:59:02'),(52,52,4,19,NULL,NULL,'2019-08-13 17:23:11','2019-08-28 19:59:15'),(53,53,4,19,NULL,NULL,'2019-08-13 17:24:56','2019-08-28 19:59:29'),(54,54,4,19,NULL,NULL,'2019-08-13 17:26:05','2019-08-28 19:59:42'),(55,55,4,19,NULL,NULL,'2019-08-13 17:26:32','2019-08-28 19:59:55'),(56,56,4,19,NULL,NULL,'2019-08-13 17:27:10','2019-08-28 20:00:10'),(57,57,4,20,NULL,NULL,'2019-08-13 17:27:39','2019-08-28 20:00:24'),(58,58,4,20,NULL,NULL,'2019-08-13 17:28:04','2019-08-28 20:00:43'),(59,59,5,17,NULL,NULL,'2019-08-13 18:10:00',NULL),(60,60,5,17,NULL,NULL,'2019-08-13 18:10:24',NULL),(61,61,5,17,NULL,NULL,'2019-08-13 18:10:40',NULL),(62,62,5,17,NULL,NULL,'2019-08-13 18:11:01',NULL),(63,63,5,17,NULL,NULL,'2019-08-13 18:11:22',NULL),(64,64,5,18,NULL,NULL,'2019-08-13 18:11:46',NULL),(65,65,5,18,NULL,NULL,'2019-08-13 18:12:13',NULL),(66,66,5,18,NULL,NULL,'2019-08-13 18:12:36',NULL),(67,67,5,17,NULL,NULL,'2019-08-13 18:13:05',NULL),(68,68,3,14,NULL,NULL,'2019-08-13 18:13:58',NULL),(69,69,3,14,NULL,NULL,'2019-08-13 18:15:55',NULL),(70,70,3,14,NULL,NULL,'2019-08-13 18:16:46',NULL),(71,71,3,14,NULL,NULL,'2019-08-13 18:17:23',NULL),(72,72,3,15,NULL,NULL,'2019-08-13 18:17:52',NULL),(73,73,3,15,NULL,NULL,'2019-08-13 18:18:21',NULL),(74,74,3,15,NULL,NULL,'2019-08-13 18:18:55',NULL),(75,75,3,15,NULL,NULL,'2019-08-13 18:19:24',NULL),(76,76,3,15,NULL,NULL,'2019-08-13 18:19:50',NULL),(77,77,3,15,NULL,NULL,'2019-08-13 18:20:14',NULL),(78,78,6,1,NULL,NULL,'2019-08-13 18:22:32','2019-08-31 23:41:01'),(79,79,6,1,NULL,NULL,'2019-08-13 18:23:28','2019-08-31 23:40:35'),(80,80,6,1,NULL,NULL,'2019-08-13 18:24:04','2019-08-31 23:40:11'),(81,81,6,1,NULL,NULL,'2019-08-13 18:24:40','2019-08-31 23:39:42'),(82,82,6,1,NULL,NULL,'2019-08-13 18:25:15','2019-08-31 23:39:04'),(83,83,6,2,NULL,NULL,'2019-08-13 18:26:15','2019-08-31 23:38:33'),(84,84,6,2,NULL,NULL,'2019-08-13 18:26:50','2019-08-31 23:38:00'),(85,85,6,2,NULL,NULL,'2019-08-13 18:27:21','2019-08-31 23:37:34'),(86,86,6,2,NULL,NULL,'2019-08-13 18:27:47','2019-08-31 23:36:53'),(87,87,6,2,NULL,NULL,'2019-08-13 18:28:16','2019-08-31 23:36:23'),(88,88,8,3,NULL,NULL,'2019-08-13 18:39:36','2019-08-29 18:07:57'),(89,89,8,3,NULL,NULL,'2019-08-13 18:40:38',NULL),(90,90,8,3,NULL,NULL,'2019-08-13 18:42:07',NULL),(91,91,8,3,NULL,NULL,'2019-08-13 18:42:51',NULL),(92,92,8,3,NULL,NULL,'2019-08-13 18:43:30',NULL),(93,93,8,3,NULL,NULL,'2019-08-13 18:44:21',NULL),(94,94,8,3,NULL,NULL,'2019-08-13 18:44:56',NULL),(95,95,8,3,NULL,NULL,'2019-08-13 18:45:36',NULL),(96,96,8,3,NULL,NULL,'2019-08-13 18:46:20',NULL),(97,97,8,3,NULL,NULL,'2019-08-13 18:46:57',NULL),(98,98,8,3,NULL,NULL,'2019-08-13 18:47:40',NULL),(99,99,8,3,NULL,NULL,'2019-08-13 18:48:07',NULL),(100,100,8,3,NULL,NULL,'2019-08-13 18:49:32','2019-08-29 17:58:20'),(101,101,8,3,NULL,NULL,'2019-08-13 18:50:13','2019-08-29 17:57:02');

/*Table structure for table `p_product_files` */

DROP TABLE IF EXISTS `p_product_files`;

CREATE TABLE `p_product_files` (
  `id_product_files` int(10) NOT NULL AUTO_INCREMENT,
  `id_products` int(10) NOT NULL,
  `file_path` varchar(255) DEFAULT NULL,
  `file_name` varchar(255) DEFAULT NULL,
  `created_at` datetime DEFAULT NULL,
  `updated_at` datetime DEFAULT NULL,
  PRIMARY KEY (`id_product_files`)
) ENGINE=InnoDB AUTO_INCREMENT=102 DEFAULT CHARSET=latin1;

/*Data for the table `p_product_files` */

insert  into `p_product_files`(`id_product_files`,`id_products`,`file_path`,`file_name`,`created_at`,`updated_at`) values (1,1,'assets/images/products/','190813135554-0.png','2019-08-13 13:55:54',NULL),(2,2,'assets/images/products/','190813135826-0.png','2019-08-13 13:58:26',NULL),(3,3,'assets/images/products/','190813135911-0.png','2019-08-13 13:59:11',NULL),(4,4,'assets/images/products/','190813140235-0.png','2019-08-13 14:02:35',NULL),(5,5,'assets/images/products/','190813140329-0.png','2019-08-13 14:03:29',NULL),(6,6,'assets/images/products/','190813140408-0.png','2019-08-13 14:04:08',NULL),(7,7,'assets/images/products/','190813140449-0.png','2019-08-13 14:04:49',NULL),(8,8,'assets/images/products/','190813140556-0.png','2019-08-13 14:05:56',NULL),(9,9,'assets/images/products/','190813140636-0.png','2019-08-13 14:06:36',NULL),(10,10,'assets/images/products/','190813140715-0.png','2019-08-13 14:07:15',NULL),(11,11,'assets/images/products/','190813140757-0.png','2019-08-13 14:07:57',NULL),(12,12,'assets/images/products/','190813164601-0.png','2019-08-13 16:46:01',NULL),(13,13,'assets/images/products/','190813164640-0.png','2019-08-13 16:46:40',NULL),(14,14,'assets/images/products/','190813164721-0.png','2019-08-13 16:47:21',NULL),(15,15,'assets/images/products/','190813164757-0.png','2019-08-13 16:47:57',NULL),(16,16,'assets/images/products/','190813165012-0.png','2019-08-13 16:50:12',NULL),(17,17,'assets/images/products/','190813165042-0.png','2019-08-13 16:50:42',NULL),(18,18,'assets/images/products/','190813165111-0.png','2019-08-13 16:51:11',NULL),(19,19,'assets/images/products/','190813165145-0.png','2019-08-13 16:51:45',NULL),(20,20,'assets/images/products/','190813165221-0.png','2019-08-13 16:52:21',NULL),(21,21,'assets/images/products/','190813165303-0.png','2019-08-13 16:53:03',NULL),(22,22,'assets/images/products/','190813165335-0.png','2019-08-13 16:53:35',NULL),(23,23,'assets/images/products/','190813165426-0.png','2019-08-13 16:54:26',NULL),(24,24,'assets/images/products/','190813165738-0.png','2019-08-13 16:57:38',NULL),(25,25,'assets/images/products/','190813165804-0.png','2019-08-13 16:58:04',NULL),(26,26,'assets/images/products/','190813165828-0.png','2019-08-13 16:58:28',NULL),(27,27,'assets/images/products/','190813165858-0.png','2019-08-13 16:58:58',NULL),(28,28,'assets/images/products/','190813165932-0.png','2019-08-13 16:59:32',NULL),(29,29,'assets/images/products/','190813170000-0.png','2019-08-13 17:00:00',NULL),(30,30,'assets/images/products/','190813170043-0.png','2019-08-13 17:00:43',NULL),(31,31,'assets/images/products/','190813170111-0.png','2019-08-13 17:01:11',NULL),(32,32,'assets/images/products/','190813170145-0.png','2019-08-13 17:01:45',NULL),(33,33,'assets/images/products/','190813170228-0.png','2019-08-13 17:02:28',NULL),(34,34,'assets/images/products/','190813170303-0.png','2019-08-13 17:03:03',NULL),(35,35,'assets/images/products/','190813170628-0.png','2019-08-13 17:06:28',NULL),(36,36,'assets/images/products/','190813170713-0.png','2019-08-13 17:07:13',NULL),(37,37,'assets/images/products/','190813170739-0.png','2019-08-13 17:07:39',NULL),(38,38,'assets/images/products/','190813170815-0.png','2019-08-13 17:08:15',NULL),(39,39,'assets/images/products/','190813170849-0.png','2019-08-13 17:08:49',NULL),(40,40,'assets/images/products/','190813170923-0.png','2019-08-13 17:09:23',NULL),(41,41,'assets/images/products/','190813171009-0.png','2019-08-13 17:10:09',NULL),(42,42,'assets/images/products/','190813171126-0.png','2019-08-13 17:11:26',NULL),(43,43,'assets/images/products/','190813171358-0.png','2019-08-13 17:13:58',NULL),(44,44,'assets/images/products/','190813171418-0.png','2019-08-13 17:14:18',NULL),(45,45,'assets/images/products/','190813171443-0.png','2019-08-13 17:14:43',NULL),(46,46,'assets/images/products/','190813171507-0.png','2019-08-13 17:15:07',NULL),(47,47,'assets/images/products/','190813171533-0.png','2019-08-13 17:15:33',NULL),(48,48,'assets/images/products/','190813172120-0.png','2019-08-13 17:21:20',NULL),(49,49,'assets/images/products/','190813172146-0.png','2019-08-13 17:21:46',NULL),(50,50,'assets/images/products/','190813172212-0.png','2019-08-13 17:22:12',NULL),(51,51,'assets/images/products/','190813172245-0.png','2019-08-13 17:22:45',NULL),(52,52,'assets/images/products/','190813172312-0.png','2019-08-13 17:23:11',NULL),(53,53,'assets/images/products/','190813172456-0.png','2019-08-13 17:24:56',NULL),(54,54,'assets/images/products/','190813172605-0.png','2019-08-13 17:26:05',NULL),(55,55,'assets/images/products/','190813172632-0.png','2019-08-13 17:26:32',NULL),(56,56,'assets/images/products/','190813172710-0.png','2019-08-13 17:27:10',NULL),(57,57,'assets/images/products/','190813172739-0.png','2019-08-13 17:27:39',NULL),(58,58,'assets/images/products/','190813172804-0.png','2019-08-13 17:28:04',NULL),(59,59,'assets/images/products/','190813181000-0.png','2019-08-13 18:10:00',NULL),(60,60,'assets/images/products/','190813181024-0.png','2019-08-13 18:10:24',NULL),(61,61,'assets/images/products/','190813181040-0.png','2019-08-13 18:10:40',NULL),(62,62,'assets/images/products/','190813181101-0.png','2019-08-13 18:11:01',NULL),(63,63,'assets/images/products/','190813181122-0.png','2019-08-13 18:11:22',NULL),(64,64,'assets/images/products/','190813181146-0.png','2019-08-13 18:11:46',NULL),(65,65,'assets/images/products/','190813181213-0.png','2019-08-13 18:12:13',NULL),(66,66,'assets/images/products/','190813181237-0.png','2019-08-13 18:12:36',NULL),(67,67,'assets/images/products/','190813181305-0.png','2019-08-13 18:13:05',NULL),(68,68,'assets/images/products/','190813181358-0.png','2019-08-13 18:13:58',NULL),(69,69,'assets/images/products/','190813181555-0.png','2019-08-13 18:15:55',NULL),(70,70,'assets/images/products/','190813181646-0.png','2019-08-13 18:16:46',NULL),(71,71,'assets/images/products/','190813181723-0.png','2019-08-13 18:17:23',NULL),(72,72,'assets/images/products/','190813181752-0.png','2019-08-13 18:17:52',NULL),(73,73,'assets/images/products/','190813181821-0.png','2019-08-13 18:18:21',NULL),(74,74,'assets/images/products/','190813181855-0.png','2019-08-13 18:18:55',NULL),(75,75,'assets/images/products/','190813181924-0.png','2019-08-13 18:19:24',NULL),(76,76,'assets/images/products/','190813181950-0.png','2019-08-13 18:19:50',NULL),(77,77,'assets/images/products/','190813182014-0.png','2019-08-13 18:20:14',NULL),(78,78,'assets/images/products/','190813182232-0.png','2019-08-13 18:22:32',NULL),(79,79,'assets/images/products/','190813182328-0.png','2019-08-13 18:23:28',NULL),(80,80,'assets/images/products/','190813182404-0.png','2019-08-13 18:24:04',NULL),(81,81,'assets/images/products/','190813182440-0.png','2019-08-13 18:24:40',NULL),(82,82,'assets/images/products/','190813182515-0.png','2019-08-13 18:25:15',NULL),(83,83,'assets/images/products/','190813182615-0.png','2019-08-13 18:26:15',NULL),(84,84,'assets/images/products/','190813182650-0.png','2019-08-13 18:26:50',NULL),(85,85,'assets/images/products/','190813182721-0.png','2019-08-13 18:27:21',NULL),(86,86,'assets/images/products/','190813182747-0.png','2019-08-13 18:27:47',NULL),(87,87,'assets/images/products/','190813182816-0.png','2019-08-13 18:28:16',NULL),(88,88,'assets/images/products/','190813183936-0.png','2019-08-13 18:39:36',NULL),(89,89,'assets/images/products/','190813184038-0.png','2019-08-13 18:40:38',NULL),(90,90,'assets/images/products/','190813184207-0.png','2019-08-13 18:42:07',NULL),(91,91,'assets/images/products/','190813184251-0.png','2019-08-13 18:42:51',NULL),(92,92,'assets/images/products/','190813184330-0.png','2019-08-13 18:43:30',NULL),(93,93,'assets/images/products/','190813184421-0.png','2019-08-13 18:44:21',NULL),(94,94,'assets/images/products/','190813184456-0.png','2019-08-13 18:44:56',NULL),(95,95,'assets/images/products/','190813184536-0.png','2019-08-13 18:45:36',NULL),(96,96,'assets/images/products/','190813184620-0.png','2019-08-13 18:46:20',NULL),(97,97,'assets/images/products/','190813184657-0.png','2019-08-13 18:46:57',NULL),(98,98,'assets/images/products/','190813184740-0.png','2019-08-13 18:47:40',NULL),(99,99,'assets/images/products/','190813184807-0.png','2019-08-13 18:48:07',NULL),(100,100,'assets/images/products/','190813184932-0.png','2019-08-13 18:49:32',NULL),(101,101,'assets/images/products/','190813185013-0.png','2019-08-13 18:50:13',NULL);

/*Table structure for table `p_products` */

DROP TABLE IF EXISTS `p_products`;

CREATE TABLE `p_products` (
  `id_products` int(10) NOT NULL AUTO_INCREMENT,
  `id_product_stock_status` int(10) DEFAULT NULL,
  `id_product_types` int(10) DEFAULT NULL,
  `product_name` varchar(255) DEFAULT NULL,
  `price_regular` varchar(255) DEFAULT NULL,
  `price_discount` varchar(255) DEFAULT NULL,
  `specification` text,
  `description` text,
  `created_at` datetime DEFAULT NULL,
  `updated_at` datetime DEFAULT NULL,
  PRIMARY KEY (`id_products`)
) ENGINE=InnoDB AUTO_INCREMENT=102 DEFAULT CHARSET=latin1;

/*Data for the table `p_products` */

insert  into `p_products`(`id_products`,`id_product_stock_status`,`id_product_types`,`product_name`,`price_regular`,`price_discount`,`specification`,`description`,`created_at`,`updated_at`) values (1,NULL,NULL,'LED LG 32LK500BPTA','400 HKD','',NULL,'GRATIS Parabola Setiap Pembelian TV 32\", 40\", 43\"','2019-08-13 13:55:54','2019-08-24 18:09:35'),(2,NULL,NULL,'LED Samsung UA32N4003AKPXD','400 HKD','',NULL,'GRATIS Parabola Setiap Pembelian TV 32\", 40\", 43\"														','2019-08-13 13:58:26',NULL),(3,NULL,NULL,'LED Sharp 32SA4101i','400 HKD','',NULL,'GRATIS Parabola Setiap Pembelian TV 32\", 40\", 43\"														','2019-08-13 13:59:11',NULL),(4,NULL,NULL,'LED Polytron PLD-32T7510','400 HKD','',NULL,'GRATIS Parabola Setiap Pembelian TV 32\", 40\", 43\"														','2019-08-13 14:02:35',NULL),(5,NULL,NULL,'LED Polytron PLD40TV85','500 HKD','',NULL,'GRATIS Parabola Setiap Pembelian TV 32\", 40\", 43\"														','2019-08-13 14:03:29',NULL),(6,NULL,NULL,'Polytron BB-3501','350 HKD','',NULL,'GRATIS Parabola Setiap Pembelian TV 32\", 40\", 43\"														','2019-08-13 14:04:08',NULL),(7,NULL,NULL,'Samsung Smart TV UA40J5250DK','600 HKD','',NULL,'GRATIS Parabola Setiap Pembelian TV 32\", 40\", 43\", Smart TV														','2019-08-13 14:04:49',NULL),(8,NULL,NULL,'LED Samsung 43\" UA43N5003AKPXD','550 HKD','',NULL,'<p>GRATIS Parabola Setiap Pembelian TV 32\", 40\", 43\"</p><p>Ukuran 43\"														</p>','2019-08-13 14:05:56',NULL),(9,NULL,NULL,'LED LG 43\" 43LK5000PTA','550 HKD','',NULL,'<p>GRATIS Parabola Setiap Pembelian TV 32\", 40\", 43\"</p><p>Ukuran 43\"														</p>','2019-08-13 14:06:36',NULL),(10,NULL,NULL,'AC Sharp AHA5UCY (0,5 PK - 350 W)','300 HKD','',NULL,'<p>0,5 PK</p><p>350 W														</p>','2019-08-13 14:07:15',NULL),(11,NULL,NULL,'AC Sharp AHA9UCY (1 PK - 750 W)','350 HKD','',NULL,'<p>1 PK</p><p>750 W														</p>','2019-08-13 14:07:57',NULL),(12,NULL,NULL,'Polytron PRG-18KTR/V','300 HKD','',NULL,'														','2019-08-13 16:46:01',NULL),(13,NULL,NULL,'Polytron PRG-21LTR/V','400 HKD','',NULL,'														','2019-08-13 16:46:40',NULL),(14,NULL,NULL,'Polytron SCN-231L','400 HKD','',NULL,'														','2019-08-13 16:47:21',NULL),(15,NULL,NULL,'Polytron PRM21BN-Red/Blue','350 HKD','',NULL,'														','2019-08-13 16:47:57',NULL),(16,NULL,NULL,'Polytron PRM21HO-Red/Dark Blue','400 HKD','',NULL,'														','2019-08-13 16:50:12',NULL),(17,NULL,NULL,'Sharp SJ-236ND/FW/FP/FB','400 HKD','',NULL,'														','2019-08-13 16:50:42',NULL),(18,NULL,NULL,'Sharp SJ185/195MGF-Red/Blue','300 HKD','',NULL,'														','2019-08-13 16:51:11',NULL),(19,NULL,NULL,'Sharp SJ195MDS Red/Silver','400 HKD','',NULL,'														','2019-08-13 16:51:45',NULL),(20,NULL,NULL,'Samsung WA70H4000SG (7 kg)','350 HKD','',NULL,'Kapasitas 7 kg														','2019-08-13 16:52:21',NULL),(21,NULL,NULL,'Polytron PAW9513N (9,5 kg)','400 HKD','',NULL,'Kapasitas 9,5 kg														','2019-08-13 16:53:03',NULL),(22,NULL,NULL,'Polytron PAW75512M/B/S (7 kg)','300 HKD','',NULL,'Kapasitas 7 kg														','2019-08-13 16:53:35',NULL),(23,NULL,NULL,'LG T2350VSAM (10 kg)','450 HKD','',NULL,'Kapasitas 10 kg														','2019-08-13 16:54:26',NULL),(24,NULL,NULL,'Pro D Sunny','300 HKD','',NULL,'														','2019-08-13 16:57:38',NULL),(25,NULL,NULL,'Pro D Mocca','300 HKD','',NULL,'														','2019-08-13 16:58:04',NULL),(26,NULL,NULL,'Pro D VOTV 100 + VOSC 40','350 HKD','',NULL,'														','2019-08-13 16:58:28',NULL),(27,NULL,NULL,'Pro D Duwu 170','200 HKD','',NULL,'														','2019-08-13 16:58:58',NULL),(28,NULL,NULL,'Pro D Montana','300 HKD','',NULL,'														','2019-08-13 16:59:32',NULL),(29,NULL,NULL,'Graver VR157','200 HKD','',NULL,'														','2019-08-13 17:00:00',NULL),(30,NULL,NULL,'Apanel Sophia SD 2912 SEP','100 HKD','',NULL,'														','2019-08-13 17:00:43',NULL),(31,NULL,NULL,'Apanel Sophia DT 5912 SEP','90 HKD','',NULL,'														','2019-08-13 17:01:11',NULL),(32,NULL,NULL,'Apanel Sophia WDM 1935 SOF','220 HKD','',NULL,'														','2019-08-13 17:01:45',NULL),(33,NULL,NULL,'Apanel Tsum Tsum WDM 12235-TSM','200 HKD','',NULL,'														','2019-08-13 17:02:28',NULL),(34,NULL,NULL,'Apanel Tsum Tsum SD 22231-TSM','100 HKD','',NULL,'														','2019-08-13 17:03:03',NULL),(35,NULL,NULL,'Apanel Captain WDM 12131 CIV','200 HKD','',NULL,'														','2019-08-13 17:06:28',NULL),(36,NULL,NULL,'Apanel WD 112211 HWL','150 HKD','',NULL,'														','2019-08-13 17:07:13',NULL),(37,NULL,NULL,'Apanel SD 21221 HWL','100 HKD','',NULL,'														','2019-08-13 17:07:39',NULL),(38,NULL,NULL,'Graver Anata Set','800 HKD','',NULL,'														','2019-08-13 17:08:15',NULL),(39,NULL,NULL,'Montana Bulat 6 Kursi','250 HKD','',NULL,'6 Kursi														','2019-08-13 17:08:49',NULL),(40,NULL,NULL,'Pro D MM Sonya Kaca 4 Kursi','250 HKD','',NULL,'4 Kursi														','2019-08-13 17:09:23',NULL),(41,NULL,NULL,'New Espresso Kerang 4 Kursi','250 HKD','',NULL,'4 Kursi																												','2019-08-13 17:10:09',NULL),(42,NULL,NULL,'Dahlia Kitchen Set','550 HKD','',NULL,'														','2019-08-13 17:11:26',NULL),(43,NULL,NULL,'Sofa Enzo 321','700 HKD','',NULL,'																												','2019-08-13 17:13:58','2019-08-28 19:56:04'),(44,NULL,NULL,'Sofa L Kenzo','400 HKD','',NULL,'<ul><li>Bahan menggunakan FULL oscar</li><li>Dudukan sofa FULL per bergaransi 1 tahun</li><li>Memakai busa FULL lembaran yang tidak mudah kempes</li><li>Harga sudah termasuk MEJA dan KARPET</li></ul>																																										','2019-08-13 17:14:18','2019-08-29 17:52:56'),(45,NULL,NULL,'Roma Lemon 321','500 HKD','',NULL,'<ul><li>Bahan menggunakan FULL oscar</li><li>Dudukan sofa FULL per bergaransi 1 tahun</li><li>Memakai busa FULL lembaran yang tidak mudah kempes</li><li>Harga sudah termasuk MEJA dan KARPET</li></ul>																												','2019-08-13 17:14:43','2019-08-29 17:52:00'),(46,NULL,NULL,'Sofa 321 Bravo','700 HKD','',NULL,'																												','2019-08-13 17:15:07','2019-08-28 19:57:30'),(47,NULL,NULL,'Sofa L Gracia','400 HKD','',NULL,'<ul><li>Bahan menggunakan FULL oscar Chesterfield</li><li>Dudukan sofa FULL per bergaransi 1 tahun</li><li>Memakai busa FULL lembaran yang tidak mudah kempes</li><li>Harga sudah termasuk MEJA dan KARPET</li></ul>																																										','2019-08-13 17:15:33','2019-08-29 17:55:01'),(48,NULL,NULL,'KTM L Mahkota Mas','600 HKD','',NULL,'																												','2019-08-13 17:21:20','2019-08-28 19:58:12'),(49,NULL,NULL,'MM Jepara','600 HKD','',NULL,'																												','2019-08-13 17:21:46','2019-08-28 19:58:30'),(50,NULL,NULL,'Sofa Exclusive','700 HKD','',NULL,'																												','2019-08-13 17:22:12','2019-08-28 19:58:45'),(51,NULL,NULL,'Sofa Aurora 321','500 HKD','',NULL,'																												','2019-08-13 17:22:45','2019-08-28 19:59:02'),(52,NULL,NULL,'Sofa Peru 211','450 HKD','',NULL,'																												','2019-08-13 17:23:11','2019-08-28 19:59:15'),(53,NULL,NULL,'Sofa L November','650 HKD','',NULL,'																												','2019-08-13 17:24:56','2019-08-28 19:59:29'),(54,NULL,NULL,'Sofa L Black White','650 HKD','',NULL,'																												','2019-08-13 17:26:05','2019-08-28 19:59:42'),(55,NULL,NULL,'Sofa 211 Premium Maroon','500 HKD','',NULL,'																												','2019-08-13 17:26:32','2019-08-28 19:59:55'),(56,NULL,NULL,'Sofa 211 Premium Jamrud','500 HKD','',NULL,'																												','2019-08-13 17:27:10','2019-08-28 20:00:10'),(57,NULL,NULL,'KTM Mawar Oscar 3111','300 HKD','',NULL,'																												','2019-08-13 17:27:39','2019-08-28 20:00:24'),(58,NULL,NULL,'Jati Lois Bolong 3111','200 HKD','',NULL,'																												','2019-08-13 17:28:04','2019-08-28 20:00:43'),(59,NULL,NULL,'Airland New Eco','550 HKD','',NULL,'<p>- Tebal Matras 25 cm</p><p>- Jenis Matras Soft (Empuk)</p><p>- Garansi Per 10 Tahun														</p>','2019-08-13 18:10:00',NULL),(60,NULL,NULL,'Central Deluxe Gladia Silver','400 HKD','',NULL,'														','2019-08-13 18:10:24',NULL),(61,NULL,NULL,'Central Deluxe Qatar 160x200','400 HKD','',NULL,'														','2019-08-13 18:10:40',NULL),(62,NULL,NULL,'Central Deluxe Bionic Blue Bianca 160','400 HKD','',NULL,'														','2019-08-13 18:11:01',NULL),(63,NULL,NULL,'Central Deluxe Bionic Brown Jasmine 160','400 HKD','',NULL,'														','2019-08-13 18:11:22',NULL),(64,NULL,NULL,'BIGLAND Charmy Kitty 120','300 HKD','',NULL,'														','2019-08-13 18:11:46',NULL),(65,NULL,NULL,'BIGLAND Superman 120','300 HKD','',NULL,'														','2019-08-13 18:12:13',NULL),(66,NULL,NULL,'BIGLAND 2in1 Tsum Tsum 120x200','300 HKD','',NULL,'														','2019-08-13 18:12:36',NULL),(67,NULL,NULL,'Central Deluxe 2in1 Asia 90x200','250 HKD','',NULL,'														','2019-08-13 18:13:05',NULL),(68,NULL,NULL,'Pro D Ibiza WD 3','850 HKD x 12bln','',NULL,'FREE TV Sharp 32\"														','2019-08-13 18:13:58',NULL),(69,NULL,NULL,'Pro D VOWD 2','600 HKD x 12bln','',NULL,'														','2019-08-13 18:15:55',NULL),(70,NULL,NULL,'Pro D Ibiza 2 Full Kaca','650 HKD x 12bln','',NULL,'UPGRADE +50 HKD bonus TV Sharp 24\"														','2019-08-13 18:16:46',NULL),(71,NULL,NULL,'Graver Anata Set','800 HKD x 12bln','',NULL,'UPGRADE +50 HKD bonus TV Sharp 24\"														','2019-08-13 18:17:23',NULL),(72,NULL,NULL,'KEA Panel Batman & Superman Set','550 HKD','',NULL,'														','2019-08-13 18:17:52',NULL),(73,NULL,NULL,'KEA Sofia','500 HKD','',NULL,'														','2019-08-13 18:18:21',NULL),(74,NULL,NULL,'KEA Charmy Kitty','550 HKD','',NULL,'														','2019-08-13 18:18:55',NULL),(75,NULL,NULL,'KEA Spiderman Set','550 HKD','',NULL,'														','2019-08-13 18:19:24',NULL),(76,NULL,NULL,'KEA Frozen Set','650 HKD','',NULL,'														','2019-08-13 18:19:50',NULL),(77,NULL,NULL,'Apanel Tsum Set','550 HKD','',NULL,'														','2019-08-13 18:20:14',NULL),(78,NULL,NULL,'Scoopy Stylish Matte','1,300 HKD','',NULL,'<ul><li>GRATIS Helm + Jaket</li><li>GRATIS Asuransi 1 tahun</li></ul>','2019-08-13 18:22:32','2019-08-31 23:41:01'),(79,NULL,NULL,'Beat Pop ESP','1,100 HKD','',NULL,'<ul><li>GRATIS Helm + Jaket</li><li>GRATIS Asuransi 1 tahun</li></ul>','2019-08-13 18:23:28','2019-08-31 23:40:35'),(80,NULL,NULL,'Vario 110 ESP Matte','1,250 HKD','',NULL,'<ul><li>GRATIS Helm + Jaket</li><li>GRATIS Asuransi 1 tahun</li></ul>','2019-08-13 18:24:04','2019-08-31 23:40:11'),(81,NULL,NULL,'Supra X 125 F1 Energetic','1,300 HKD','',NULL,'<ul><li>GRATIS Helm + Jaket</li><li>GRATIS Asuransi 1 tahun</li></ul>','2019-08-13 18:24:40','2019-08-31 23:39:42'),(82,NULL,NULL,'Revo X F1 2018 Quantum','1,100 HKD','',NULL,'<ul><li>GRATIS Helm + Jaket</li><li>GRATIS Asuransi 1 tahun</li></ul>','2019-08-13 18:25:15','2019-08-31 23:39:04'),(83,NULL,NULL,'Lexi 2018','1,450 HKD','',NULL,'<ul><li>GRATIS Helm + Jaket</li><li>GRATIS Asuransi 1 tahun</li></ul>','2019-08-13 18:26:15','2019-08-31 23:38:33'),(84,NULL,NULL,'Mio M3 125cc 2018','1,100 HKD','',NULL,'<ul><li>GRATIS Helm + Jaket</li><li>GRATIS Asuransi 1 tahun</li></ul>','2019-08-13 18:26:50','2019-08-31 23:38:00'),(85,NULL,NULL,'Vega Force 2018','1,100 HKD','',NULL,'<ul><li>GRATIS Helm + Jaket</li><li>GRATIS Asuransi 1 tahun</li></ul>','2019-08-13 18:27:21','2019-08-31 23:37:34'),(86,NULL,NULL,'Soul GT AKS 2018 BR','1,200 HKD','',NULL,'<ul><li>GRATIS Helm + Jaket</li><li>GRATIS Asuransi 1 tahun</li></ul>','2019-08-13 18:27:47','2019-08-31 23:36:53'),(87,NULL,NULL,'Jupiter Z1 2018','1,200 HKD','',NULL,'<ul><li>GRATIS Helm + Jaket</li><li>GRATIS Asuransi 1 tahun</li></ul>','2019-08-13 18:28:16','2019-08-31 23:36:23'),(88,NULL,NULL,'Samsung Galaxy A20 (3GB/32GB)','500 HKD','',NULL,'<ul><li>Tersedia Warna: BLACK dan ORANGE</li><li>RAM 3 GB</li><li>Internal Memory 32 GB</li><li>Garansi Resmi Pabrik 1 tahun</li></ul><div></div>																												','2019-08-13 18:39:36','2019-08-29 18:07:57'),(89,NULL,NULL,'Samsung Galaxy A40 (6GB/64GB)','750 HKD','',NULL,'<p>Cicilan 6 Bulan</p><p><br></p><p>- RAM 6 GB</p><p>- Internal 64 GB														</p>','2019-08-13 18:40:38',NULL),(90,NULL,NULL,'Samsung Galaxy A60 (6GB/128GB)','850 HKD','',NULL,'<p>Cicilan 6 Bulan</p><p><br></p><p>- RAM 6 GB</p><p>- Internal 128 GB														</p>','2019-08-13 18:42:07',NULL),(91,NULL,NULL,'Samsung Galaxy A70 (6GB/128GB) Dual SIM Card','1,050 HKD','',NULL,'<p>Cicilan 6 Bulan</p><p><br></p><p>- RAM 6 GB</p><p>- Internal 128 GB</p><p>- Dual SIM Card														</p>','2019-08-13 18:42:51',NULL),(92,NULL,NULL,'Samsung Galaxy A9 (6GB/128GB)','1,200 HKD','',NULL,'<p>Cicilan 6 Bulan</p><p><br></p><p>- RAM 6 GB</p><p>- Internal 128 GB														</p>','2019-08-13 18:43:30',NULL),(93,NULL,NULL,'Samsung Galaxy A8 Star (64 GB)','850 HKD','',NULL,'<p>Cicilan 6 Bulan</p><p><br></p><p>- Internal 64 GB														</p>','2019-08-13 18:44:21',NULL),(94,NULL,NULL,'Samsung Galaxy A6 Plus (64 GB)','750 HKD','',NULL,'<p>Cicilan 6 Bulan</p><p><br></p><p>- Internal 64 GB														</p>','2019-08-13 18:44:56',NULL),(95,NULL,NULL,'Samsung Galaxy A7 (4GB/128)','850 HKD','',NULL,'<p>Cicilan 6 Bulan</p><p><br></p><p>- RAM 4 GB</p><p>- Internal 128 GB														</p>','2019-08-13 18:45:36',NULL),(96,NULL,NULL,'Samsung Galaxy J4 Plus (2GB/32GB) Layar 6.0\"','550 HKD','',NULL,'<p>Cicilan 6 Bulan</p><p><br></p><p>- RAM 2 GB</p><p>- Internal 32 GB</p><p>- Layar 6.0\"														</p>','2019-08-13 18:46:20',NULL),(97,NULL,NULL,'Samsung Galaxy J6 (64 GB)','700 HKD','',NULL,'<p>Cicilan 6 Bulan</p><p><br></p><p>- Internal 64 GB														</p>','2019-08-13 18:46:57',NULL),(98,NULL,NULL,'Xiaomi MI Max 3','700 HKD','',NULL,'Cicilan 6 Bulan														','2019-08-13 18:47:40',NULL),(99,NULL,NULL,'Xiaomi MI A2','500 HKD','',NULL,'Cicilan 6 Bulan														','2019-08-13 18:48:07',NULL),(100,NULL,NULL,'Redmi 7 (3/64) Dual SIM','500 HKD','',NULL,'<ul><li>RAM 3 GB</li><li>Internal Memory 64 GB</li><li>Dual SIM Card</li><li>Garansi Resmi Pabrik 1 tahun</li></ul>														','2019-08-13 18:49:32','2019-08-29 17:58:20'),(101,NULL,NULL,'Redmi Note 7 (4/128) Dual SIM','600 HKD','',NULL,'<ul><li>RAM 4 GB</li><li>Internal Memory 128 GB</li><li>Dual SIM Card</li><li>Garansi Resmi Pabrik 1 tahun</li></ul>																																										','2019-08-13 18:50:13','2019-08-29 17:57:02');

/*Table structure for table `s_category_view` */

DROP TABLE IF EXISTS `s_category_view`;

CREATE TABLE `s_category_view` (
  `id_category_view` int(10) NOT NULL AUTO_INCREMENT,
  `id_categories` int(10) DEFAULT NULL,
  `created_at` datetime DEFAULT NULL,
  `updated_at` datetime DEFAULT NULL,
  PRIMARY KEY (`id_category_view`)
) ENGINE=InnoDB AUTO_INCREMENT=418 DEFAULT CHARSET=latin1;

/*Data for the table `s_category_view` */

insert  into `s_category_view`(`id_category_view`,`id_categories`,`created_at`,`updated_at`) values (1,1,'2019-08-18 20:55:54',NULL),(2,7,'2019-08-18 20:55:57',NULL),(3,4,'2019-08-18 20:55:59',NULL),(4,8,'2019-08-18 21:19:59',NULL),(5,1,'2019-08-18 21:54:27',NULL),(6,4,'2019-08-18 22:10:43',NULL),(7,4,'2019-08-18 22:10:48',NULL),(8,3,'2019-08-19 08:49:37',NULL),(9,1,'2019-08-19 08:51:37',NULL),(10,1,'2019-08-19 08:52:05',NULL),(11,8,'2019-08-19 08:52:45',NULL),(12,8,'2019-08-19 08:53:05',NULL),(13,7,'2019-08-19 08:55:47',NULL),(14,7,'2019-08-19 11:26:20',NULL),(15,1,'2019-08-20 23:53:06',NULL),(16,3,'2019-08-21 07:06:39',NULL),(17,1,'2019-08-21 09:51:35',NULL),(18,2,'2019-08-21 09:51:39',NULL),(19,2,'2019-08-21 13:52:08',NULL),(20,1,'2019-08-21 14:21:12',NULL),(21,2,'2019-08-21 14:21:18',NULL),(22,3,'2019-08-21 14:22:02',NULL),(23,8,'2019-08-21 14:29:09',NULL),(24,7,'2019-08-21 14:29:15',NULL),(25,2,'2019-08-21 14:29:37',NULL),(26,2,'2019-08-21 14:29:40',NULL),(27,2,'2019-08-21 14:31:00',NULL),(28,1,'2019-08-21 14:33:12',NULL),(29,1,'2019-08-21 14:33:39',NULL),(30,3,'2019-08-21 14:34:10',NULL),(31,3,'2019-08-21 14:34:32',NULL),(32,3,'2019-08-21 14:34:57',NULL),(33,3,'2019-08-21 15:50:09',NULL),(34,7,'2019-08-21 17:42:40',NULL),(35,4,'2019-08-21 17:42:51',NULL),(36,4,'2019-08-21 17:50:07',NULL),(37,1,'2019-08-22 17:50:15',NULL),(38,2,'2019-08-22 17:50:20',NULL),(39,1,'2019-08-22 21:15:20',NULL),(40,1,'2019-08-23 10:11:56',NULL),(41,1,'2019-08-23 10:11:56',NULL),(42,1,'2019-08-23 10:12:34',NULL),(43,7,'2019-08-23 10:12:53',NULL),(44,6,'2019-08-23 10:13:29',NULL),(45,6,'2019-08-23 10:13:53',NULL),(46,6,'2019-08-23 10:14:34',NULL),(47,8,'2019-08-23 10:15:18',NULL),(48,6,'2019-08-23 10:15:19',NULL),(49,8,'2019-08-23 10:15:28',NULL),(50,8,'2019-08-23 10:15:32',NULL),(51,2,'2019-08-23 10:15:38',NULL),(52,2,'2019-08-23 10:39:03',NULL),(53,2,'2019-08-23 10:39:55',NULL),(54,8,'2019-08-23 16:53:23',NULL),(55,2,'2019-08-24 11:29:54',NULL),(56,7,'2019-08-24 11:30:13',NULL),(57,3,'2019-08-24 12:31:38',NULL),(58,2,'2019-08-24 18:06:03',NULL),(59,2,'2019-08-24 18:08:13',NULL),(60,1,'2019-08-26 10:06:41',NULL),(61,1,'2019-08-26 10:14:30',NULL),(62,2,'2019-08-26 10:16:17',NULL),(63,1,'2019-08-26 10:16:17',NULL),(64,2,'2019-08-26 10:19:06',NULL),(65,4,'2019-08-26 10:19:20',NULL),(66,7,'2019-08-26 10:22:59',NULL),(67,8,'2019-08-26 10:22:59',NULL),(68,5,'2019-08-26 10:34:03',NULL),(69,5,'2019-08-26 10:34:15',NULL),(70,3,'2019-08-26 10:34:18',NULL),(71,2,'2019-08-26 10:34:21',NULL),(72,3,'2019-08-26 10:36:30',NULL),(73,4,'2019-08-26 10:39:06',NULL),(74,4,'2019-08-26 10:40:38',NULL),(75,5,'2019-08-26 10:40:40',NULL),(76,6,'2019-08-26 10:40:41',NULL),(77,7,'2019-08-26 10:40:41',NULL),(78,8,'2019-08-26 10:40:42',NULL),(79,7,'2019-08-26 10:42:59',NULL),(80,3,'2019-08-26 10:43:53',NULL),(81,4,'2019-08-26 10:43:55',NULL),(82,5,'2019-08-26 10:43:58',NULL),(83,7,'2019-08-26 10:44:03',NULL),(84,7,'2019-08-26 10:44:40',NULL),(85,7,'2019-08-26 10:45:08',NULL),(86,7,'2019-08-26 10:45:09',NULL),(87,7,'2019-08-26 10:45:09',NULL),(88,5,'2019-08-26 10:45:54',NULL),(89,6,'2019-08-26 10:45:56',NULL),(90,7,'2019-08-26 10:45:56',NULL),(91,3,'2019-08-26 13:43:43',NULL),(92,4,'2019-08-26 13:43:55',NULL),(93,5,'2019-08-26 13:44:00',NULL),(94,5,'2019-08-26 13:57:02',NULL),(95,7,'2019-08-26 13:57:09',NULL),(96,8,'2019-08-26 13:57:10',NULL),(97,1,'2019-08-26 13:57:14',NULL),(98,6,'2019-08-26 14:26:40',NULL),(99,4,'2019-08-26 14:26:46',NULL),(100,1,'2019-08-28 08:23:54',NULL),(101,1,'2019-08-28 18:20:08',NULL),(102,4,'2019-08-28 19:54:54',NULL),(103,4,'2019-08-28 19:55:24',NULL),(104,4,'2019-08-28 19:56:12',NULL),(105,4,'2019-08-28 19:56:18',NULL),(106,4,'2019-08-28 20:01:12',NULL),(107,4,'2019-08-28 20:01:20',NULL),(108,1,'2019-08-28 20:08:42',NULL),(109,4,'2019-08-28 20:08:49',NULL),(110,4,'2019-08-28 20:09:02',NULL),(111,4,'2019-08-28 20:09:04',NULL),(112,1,'2019-08-28 22:06:09',NULL),(113,1,'2019-08-28 22:09:28',NULL),(114,7,'2019-08-31 12:35:01',NULL),(115,5,'2019-08-31 12:36:16',NULL),(116,3,'2019-08-31 20:05:00',NULL),(117,1,'2019-08-31 20:18:35',NULL),(118,7,'2019-08-31 20:24:36',NULL),(119,1,'2019-08-31 20:27:52',NULL),(120,2,'2019-08-31 20:27:52',NULL),(121,3,'2019-08-31 20:27:52',NULL),(122,4,'2019-08-31 20:45:52',NULL),(123,3,'2019-08-31 23:05:17',NULL),(124,4,'2019-08-31 23:10:10',NULL),(125,2,'2019-08-31 23:11:02',NULL),(126,2,'2019-08-31 23:11:59',NULL),(127,2,'2019-08-31 23:16:45',NULL),(128,2,'2019-08-31 23:16:51',NULL),(129,4,'2019-08-31 23:16:57',NULL),(130,5,'2019-09-01 05:21:14',NULL),(131,1,'2019-09-01 05:21:41',NULL),(132,5,'2019-09-01 05:23:29',NULL),(133,6,'2019-09-01 05:49:50',NULL),(134,6,'2019-09-01 05:50:24',NULL),(135,6,'2019-09-01 05:51:14',NULL),(136,6,'2019-09-01 05:51:25',NULL),(137,6,'2019-09-01 05:51:28',NULL),(138,1,'2019-09-01 05:51:47',NULL),(139,8,'2019-09-01 05:53:43',NULL),(140,8,'2019-09-01 05:54:01',NULL),(141,8,'2019-09-01 05:54:23',NULL),(142,8,'2019-09-01 05:54:34',NULL),(143,7,'2019-09-01 05:55:20',NULL),(144,8,'2019-09-01 05:56:27',NULL),(145,8,'2019-09-01 05:56:38',NULL),(146,8,'2019-09-01 05:56:47',NULL),(147,3,'2019-09-01 05:57:43',NULL),(148,3,'2019-09-01 05:58:00',NULL),(149,3,'2019-09-01 05:58:54',NULL),(150,3,'2019-09-01 05:59:02',NULL),(151,1,'2019-09-01 05:59:24',NULL),(152,5,'2019-09-01 06:00:09',NULL),(153,6,'2019-09-01 06:33:53',NULL),(154,8,'2019-09-01 06:34:15',NULL),(155,8,'2019-09-01 06:34:57',NULL),(156,7,'2019-09-01 06:35:10',NULL),(157,5,'2019-09-01 06:35:29',NULL),(158,4,'2019-09-01 06:35:41',NULL),(159,4,'2019-09-01 06:35:42',NULL),(160,1,'2019-09-01 06:35:51',NULL),(161,7,'2019-09-01 06:56:21',NULL),(162,4,'2019-09-01 06:57:21',NULL),(163,4,'2019-09-01 06:57:45',NULL),(164,4,'2019-09-01 06:57:55',NULL),(165,4,'2019-09-01 06:58:18',NULL),(166,4,'2019-09-01 06:58:36',NULL),(167,4,'2019-09-01 06:59:04',NULL),(168,4,'2019-09-01 06:59:11',NULL),(169,1,'2019-09-01 07:00:02',NULL),(170,2,'2019-09-01 07:00:09',NULL),(171,3,'2019-09-01 07:00:17',NULL),(172,4,'2019-09-01 07:00:31',NULL),(173,5,'2019-09-01 07:00:40',NULL),(174,6,'2019-09-01 07:00:52',NULL),(175,7,'2019-09-01 07:00:58',NULL),(176,8,'2019-09-01 07:01:06',NULL),(177,1,'2019-09-01 08:45:56',NULL),(178,2,'2019-09-01 09:22:27',NULL),(179,2,'2019-09-01 09:22:29',NULL),(180,2,'2019-09-01 09:22:32',NULL),(181,7,'2019-09-01 09:23:53',NULL),(182,7,'2019-09-01 09:23:53',NULL),(183,7,'2019-09-01 09:23:55',NULL),(184,7,'2019-09-01 11:44:54',NULL),(185,8,'2019-09-01 11:51:48',NULL),(186,7,'2019-09-01 13:55:34',NULL),(187,7,'2019-09-01 14:07:49',NULL),(188,7,'2019-09-01 14:11:13',NULL),(189,2,'2019-09-02 05:40:44',NULL),(190,2,'2019-09-02 05:40:46',NULL),(191,3,'2019-09-02 06:06:06',NULL),(192,6,'2019-09-02 06:06:49',NULL),(193,3,'2019-09-02 06:44:36',NULL),(194,3,'2019-09-02 06:45:22',NULL),(195,1,'2019-09-02 10:39:20',NULL),(196,5,'2019-09-02 13:49:24',NULL),(197,1,'2019-09-02 14:44:23',NULL),(198,2,'2019-09-02 14:44:25',NULL),(199,3,'2019-09-02 14:44:30',NULL),(200,2,'2019-09-02 17:16:13',NULL),(201,2,'2019-09-02 17:16:37',NULL),(202,2,'2019-09-02 17:17:20',NULL),(203,2,'2019-09-02 17:17:59',NULL),(204,3,'2019-09-02 17:18:49',NULL),(205,7,'2019-09-02 21:07:08',NULL),(206,4,'2019-09-03 05:54:37',NULL),(207,7,'2019-09-03 05:54:50',NULL),(208,7,'2019-09-03 06:49:47',NULL),(209,2,'2019-09-03 07:23:21',NULL),(210,1,'2019-09-03 07:23:49',NULL),(211,2,'2019-09-03 07:29:40',NULL),(212,1,'2019-09-03 08:17:01',NULL),(213,8,'2019-09-03 08:18:35',NULL),(214,8,'2019-09-03 08:21:21',NULL),(215,4,'2019-09-03 08:21:37',NULL),(216,3,'2019-09-03 08:33:12',NULL),(217,6,'2019-09-03 09:30:15',NULL),(218,2,'2019-09-03 09:31:36',NULL),(219,1,'2019-09-03 10:00:34',NULL),(220,7,'2019-09-03 10:00:50',NULL),(221,1,'2019-09-03 10:01:40',NULL),(222,6,'2019-09-03 10:01:50',NULL),(223,6,'2019-09-03 10:03:06',NULL),(224,8,'2019-09-03 11:26:25',NULL),(225,8,'2019-09-03 12:55:20',NULL),(226,8,'2019-09-03 12:56:03',NULL),(227,8,'2019-09-03 12:56:31',NULL),(228,4,'2019-09-03 12:56:56',NULL),(229,8,'2019-09-03 14:04:24',NULL),(230,2,'2019-09-03 14:14:41',NULL),(231,2,'2019-09-03 14:15:32',NULL),(232,1,'2019-09-03 14:44:27',NULL),(233,2,'2019-09-03 14:44:29',NULL),(234,3,'2019-09-03 14:44:34',NULL),(235,2,'2019-09-03 15:28:14',NULL),(236,8,'2019-09-03 15:36:09',NULL),(237,8,'2019-09-03 15:36:16',NULL),(238,8,'2019-09-03 15:36:26',NULL),(239,8,'2019-09-03 15:36:43',NULL),(240,7,'2019-09-03 16:04:58',NULL),(241,5,'2019-09-03 16:05:55',NULL),(242,5,'2019-09-03 16:07:22',NULL),(243,5,'2019-09-03 17:08:19',NULL),(244,5,'2019-09-03 17:08:56',NULL),(245,7,'2019-09-03 17:09:12',NULL),(246,8,'2019-09-03 17:10:36',NULL),(247,8,'2019-09-03 17:11:06',NULL),(248,8,'2019-09-03 17:11:10',NULL),(249,1,'2019-09-03 17:14:54',NULL),(250,2,'2019-09-03 17:21:05',NULL),(251,1,'2019-09-03 17:21:45',NULL),(252,2,'2019-09-03 17:21:59',NULL),(253,7,'2019-09-03 17:22:07',NULL),(254,2,'2019-09-03 17:22:52',NULL),(255,6,'2019-09-03 17:37:52',NULL),(256,6,'2019-09-03 17:47:22',NULL),(257,7,'2019-09-03 21:34:24',NULL),(258,3,'2019-09-04 05:40:18',NULL),(259,1,'2019-09-04 05:48:11',NULL),(260,3,'2019-09-04 11:32:56',NULL),(261,1,'2019-09-04 14:47:16',NULL),(262,2,'2019-09-04 14:47:18',NULL),(263,3,'2019-09-04 14:47:25',NULL),(264,6,'2019-09-04 16:26:25',NULL),(265,1,'2019-09-04 16:27:33',NULL),(266,1,'2019-09-04 16:27:34',NULL),(267,4,'2019-09-04 16:29:43',NULL),(268,4,'2019-09-04 16:30:12',NULL),(269,6,'2019-09-04 16:30:59',NULL),(270,4,'2019-09-04 16:31:19',NULL),(271,3,'2019-09-04 16:31:25',NULL),(272,2,'2019-09-04 16:32:37',NULL),(273,8,'2019-09-04 16:33:36',NULL),(274,7,'2019-09-04 16:34:16',NULL),(275,8,'2019-09-04 16:35:37',NULL),(276,8,'2019-09-04 16:35:41',NULL),(277,2,'2019-09-04 16:35:43',NULL),(278,3,'2019-09-04 16:35:45',NULL),(279,4,'2019-09-04 16:35:49',NULL),(280,1,'2019-09-04 16:35:51',NULL),(281,6,'2019-09-04 16:35:52',NULL),(282,3,'2019-09-04 19:34:45',NULL),(283,4,'2019-09-04 20:49:31',NULL),(284,7,'2019-09-04 22:45:15',NULL),(285,2,'2019-09-05 05:16:14',NULL),(286,2,'2019-09-05 05:16:32',NULL),(287,2,'2019-09-05 08:40:18',NULL),(288,7,'2019-09-05 11:10:13',NULL),(289,7,'2019-09-05 11:10:59',NULL),(290,1,'2019-09-05 14:39:36',NULL),(291,2,'2019-09-05 14:39:38',NULL),(292,3,'2019-09-05 14:39:43',NULL),(293,7,'2019-09-05 15:09:41',NULL),(294,1,'2019-09-05 15:10:38',NULL),(295,7,'2019-09-05 15:11:19',NULL),(296,1,'2019-09-05 15:11:36',NULL),(297,7,'2019-09-05 15:22:54',NULL),(298,1,'2019-09-05 15:24:40',NULL),(299,4,'2019-09-05 15:27:10',NULL),(300,4,'2019-09-05 15:27:58',NULL),(301,4,'2019-09-05 15:28:24',NULL),(302,7,'2019-09-05 16:58:24',NULL),(303,4,'2019-09-05 17:00:57',NULL),(304,7,'2019-09-05 17:01:31',NULL),(305,7,'2019-09-05 17:02:27',NULL),(306,1,'2019-09-05 17:02:40',NULL),(307,2,'2019-09-05 17:03:28',NULL),(308,7,'2019-09-05 18:16:28',NULL),(309,2,'2019-09-05 18:43:55',NULL),(310,1,'2019-09-05 18:56:33',NULL),(311,4,'2019-09-05 19:54:28',NULL),(312,8,'2019-09-05 19:58:09',NULL),(313,1,'2019-09-05 19:58:11',NULL),(314,2,'2019-09-05 23:22:52',NULL),(315,6,'2019-09-05 23:57:58',NULL),(316,1,'2019-09-06 06:17:06',NULL),(317,2,'2019-09-06 10:53:21',NULL),(318,3,'2019-09-06 11:36:00',NULL),(319,6,'2019-09-06 11:44:52',NULL),(320,2,'2019-09-06 11:45:20',NULL),(321,2,'2019-09-06 11:45:40',NULL),(322,2,'2019-09-06 11:45:56',NULL),(323,5,'2019-09-06 11:46:07',NULL),(324,2,'2019-09-06 14:08:08',NULL),(325,2,'2019-09-06 14:09:17',NULL),(326,3,'2019-09-06 14:09:23',NULL),(327,3,'2019-09-06 14:09:52',NULL),(328,3,'2019-09-06 14:10:02',NULL),(329,1,'2019-09-06 14:48:17',NULL),(330,2,'2019-09-06 14:48:18',NULL),(331,3,'2019-09-06 14:48:26',NULL),(332,7,'2019-09-06 15:25:31',NULL),(333,7,'2019-09-06 15:27:31',NULL),(334,2,'2019-09-06 15:41:33',NULL),(335,2,'2019-09-06 15:42:10',NULL),(336,4,'2019-09-06 15:42:27',NULL),(337,4,'2019-09-06 15:42:27',NULL),(338,4,'2019-09-06 15:42:28',NULL),(339,2,'2019-09-06 16:25:32',NULL),(340,2,'2019-09-06 16:25:34',NULL),(341,2,'2019-09-06 16:43:23',NULL),(342,4,'2019-09-06 17:00:47',NULL),(343,2,'2019-09-06 18:46:42',NULL),(344,2,'2019-09-06 18:46:45',NULL),(345,7,'2019-09-06 19:21:05',NULL),(346,7,'2019-09-06 19:21:08',NULL),(347,7,'2019-09-06 21:04:18',NULL),(348,3,'2019-09-06 21:10:35',NULL),(349,7,'2019-09-06 21:10:43',NULL),(350,7,'2019-09-06 21:16:14',NULL),(351,7,'2019-09-07 07:30:04',NULL),(352,1,'2019-09-07 15:50:35',NULL),(353,2,'2019-09-07 15:50:37',NULL),(354,3,'2019-09-07 15:50:44',NULL),(355,7,'2019-09-07 17:32:02',NULL),(356,7,'2019-09-07 17:33:36',NULL),(357,6,'2019-09-07 17:33:39',NULL),(358,1,'2019-09-07 17:34:02',NULL),(359,8,'2019-09-07 17:34:34',NULL),(360,8,'2019-09-07 17:34:44',NULL),(361,8,'2019-09-07 17:34:54',NULL),(362,8,'2019-09-07 17:34:59',NULL),(363,1,'2019-09-07 17:35:01',NULL),(364,5,'2019-09-07 17:35:10',NULL),(365,8,'2019-09-07 22:35:25',NULL),(366,3,'2019-09-08 09:48:20',NULL),(367,3,'2019-09-08 09:49:48',NULL),(368,1,'2019-09-08 09:53:14',NULL),(369,4,'2019-09-08 09:53:26',NULL),(370,3,'2019-09-08 09:54:22',NULL),(371,4,'2019-09-08 09:54:35',NULL),(372,2,'2019-09-08 09:54:50',NULL),(373,2,'2019-09-08 09:54:57',NULL),(374,3,'2019-09-08 09:55:02',NULL),(375,4,'2019-09-08 09:55:06',NULL),(376,8,'2019-09-08 09:55:19',NULL),(377,4,'2019-09-08 09:55:31',NULL),(378,3,'2019-09-08 09:55:35',NULL),(379,2,'2019-09-08 09:55:37',NULL),(380,4,'2019-09-08 09:56:01',NULL),(381,2,'2019-09-08 10:14:15',NULL),(382,2,'2019-09-08 10:14:59',NULL),(383,2,'2019-09-08 10:24:44',NULL),(384,1,'2019-09-08 10:24:50',NULL),(385,1,'2019-09-08 10:24:57',NULL),(386,3,'2019-09-08 12:06:14',NULL),(387,3,'2019-09-08 12:06:58',NULL),(388,7,'2019-09-08 13:33:26',NULL),(389,1,'2019-09-08 15:55:17',NULL),(390,2,'2019-09-08 15:55:18',NULL),(391,3,'2019-09-08 15:55:24',NULL),(392,3,'2019-09-08 21:31:17',NULL),(393,3,'2019-09-08 21:31:39',NULL),(394,3,'2019-09-08 21:31:51',NULL),(395,5,'2019-09-08 21:33:05',NULL),(396,5,'2019-09-08 21:33:23',NULL),(397,5,'2019-09-08 21:33:27',NULL),(398,5,'2019-09-08 21:33:36',NULL),(399,3,'2019-09-08 21:33:53',NULL),(400,3,'2019-09-08 21:34:04',NULL),(401,3,'2019-09-08 21:34:40',NULL),(402,3,'2019-09-08 21:38:54',NULL),(403,3,'2019-09-08 21:39:12',NULL),(404,3,'2019-09-08 21:41:46',NULL),(405,3,'2019-09-08 21:42:03',NULL),(406,3,'2019-09-08 21:42:15',NULL),(407,3,'2019-09-08 21:43:35',NULL),(408,3,'2019-09-08 22:01:38',NULL),(409,3,'2019-09-08 22:02:17',NULL),(410,7,'2019-09-09 09:50:13',NULL),(411,1,'2019-09-09 09:51:03',NULL),(412,3,'2019-09-09 09:52:10',NULL),(413,7,'2019-09-09 14:06:01',NULL),(414,1,'2019-09-09 15:22:52',NULL),(415,2,'2019-09-09 15:22:53',NULL),(416,3,'2019-09-09 15:22:59',NULL),(417,4,'2019-09-09 16:56:59',NULL);

/*Table structure for table `s_product_view` */

DROP TABLE IF EXISTS `s_product_view`;

CREATE TABLE `s_product_view` (
  `id_product_view` int(10) NOT NULL AUTO_INCREMENT,
  `id_products` int(10) DEFAULT NULL,
  `created_at` datetime DEFAULT NULL,
  `updated_at` datetime DEFAULT NULL,
  PRIMARY KEY (`id_product_view`)
) ENGINE=InnoDB AUTO_INCREMENT=394 DEFAULT CHARSET=latin1;

/*Data for the table `s_product_view` */

insert  into `s_product_view`(`id_product_view`,`id_products`,`created_at`,`updated_at`) values (1,88,'2019-08-18 20:56:07',NULL),(2,34,'2019-08-18 22:10:11',NULL),(3,17,'2019-08-18 22:10:31',NULL),(4,46,'2019-08-18 22:10:46',NULL),(5,44,'2019-08-18 22:13:21',NULL),(6,54,'2019-08-18 22:13:49',NULL),(7,45,'2019-08-18 22:14:04',NULL),(8,38,'2019-08-19 08:49:51',NULL),(9,84,'2019-08-19 08:53:25',NULL),(10,87,'2019-08-19 08:53:55',NULL),(11,83,'2019-08-19 08:54:19',NULL),(12,78,'2019-08-19 08:54:42',NULL),(13,86,'2019-08-19 08:55:03',NULL),(14,84,'2019-08-19 08:55:24',NULL),(15,5,'2019-08-19 20:41:45',NULL),(16,5,'2019-08-19 20:42:03',NULL),(17,45,'2019-08-20 20:15:20',NULL),(18,45,'2019-08-21 10:58:01',NULL),(19,45,'2019-08-21 12:33:26',NULL),(20,34,'2019-08-23 09:35:44',NULL),(21,7,'2019-08-23 10:12:53',NULL),(22,20,'2019-08-23 10:13:02',NULL),(23,12,'2019-08-23 10:13:13',NULL),(24,79,'2019-08-23 10:13:35',NULL),(25,83,'2019-08-23 10:14:03',NULL),(26,85,'2019-08-23 10:14:54',NULL),(27,78,'2019-08-23 10:15:00',NULL),(28,85,'2019-08-23 10:15:09',NULL),(29,15,'2019-08-23 10:15:48',NULL),(30,13,'2019-08-23 10:16:03',NULL),(31,93,'2019-08-23 10:16:04',NULL),(32,7,'2019-08-23 10:16:09',NULL),(33,7,'2019-08-23 10:16:09',NULL),(34,13,'2019-08-23 10:16:21',NULL),(35,15,'2019-08-23 10:16:26',NULL),(36,7,'2019-08-23 16:55:52',NULL),(37,84,'2019-08-23 16:56:16',NULL),(38,93,'2019-08-23 16:56:30',NULL),(39,9,'2019-08-24 11:29:26',NULL),(40,9,'2019-08-24 11:29:34',NULL),(41,86,'2019-08-24 12:02:10',NULL),(42,84,'2019-08-24 12:02:17',NULL),(43,1,'2019-08-24 18:06:20',NULL),(44,1,'2019-08-24 18:08:19',NULL),(45,1,'2019-08-24 18:09:57',NULL),(46,54,'2019-08-26 10:22:30',NULL),(47,88,'2019-08-26 10:22:34',NULL),(48,1,'2019-08-26 10:22:37',NULL),(49,93,'2019-08-26 13:55:24',NULL),(50,17,'2019-08-27 20:43:38',NULL),(51,44,'2019-08-27 20:58:39',NULL),(52,38,'2019-08-28 07:10:55',NULL),(53,50,'2019-08-28 07:44:50',NULL),(54,79,'2019-08-28 17:57:37',NULL),(55,45,'2019-08-28 19:34:19',NULL),(56,58,'2019-08-28 20:00:28',NULL),(57,1,'2019-08-28 22:07:32',NULL),(58,45,'2019-08-29 17:59:48',NULL),(59,88,'2019-08-29 18:02:18',NULL),(60,100,'2019-08-29 18:02:34',NULL),(61,88,'2019-08-29 18:05:56',NULL),(62,88,'2019-08-29 18:08:02',NULL),(63,7,'2019-08-30 12:28:04',NULL),(64,1,'2019-08-30 12:28:11',NULL),(65,12,'2019-08-30 12:28:32',NULL),(66,6,'2019-08-30 12:28:54',NULL),(67,12,'2019-08-30 12:29:04',NULL),(68,24,'2019-08-31 20:05:38',NULL),(69,24,'2019-08-31 20:05:39',NULL),(70,45,'2019-08-31 20:27:57',NULL),(71,7,'2019-08-31 20:28:12',NULL),(72,1,'2019-08-31 20:28:12',NULL),(73,88,'2019-08-31 20:28:12',NULL),(74,84,'2019-08-31 20:46:36',NULL),(75,12,'2019-08-31 20:46:48',NULL),(76,85,'2019-08-31 20:51:04',NULL),(77,80,'2019-08-31 20:51:09',NULL),(78,85,'2019-08-31 20:51:30',NULL),(79,28,'2019-08-31 23:06:09',NULL),(80,58,'2019-08-31 23:08:58',NULL),(81,75,'2019-08-31 23:15:59',NULL),(82,9,'2019-09-01 05:47:39',NULL),(83,38,'2019-09-01 05:53:22',NULL),(84,93,'2019-09-01 06:32:39',NULL),(85,85,'2019-09-01 06:32:55',NULL),(86,34,'2019-09-01 06:33:26',NULL),(87,88,'2019-09-01 06:33:39',NULL),(88,88,'2019-09-01 06:36:06',NULL),(89,84,'2019-09-01 06:36:13',NULL),(90,88,'2019-09-01 06:48:24',NULL),(91,34,'2019-09-01 06:55:43',NULL),(92,48,'2019-09-01 06:57:30',NULL),(93,50,'2019-09-01 06:57:50',NULL),(94,56,'2019-09-01 06:58:01',NULL),(95,46,'2019-09-01 06:58:24',NULL),(96,49,'2019-09-01 06:58:55',NULL),(97,44,'2019-09-01 06:59:09',NULL),(98,77,'2019-09-01 07:00:21',NULL),(99,74,'2019-09-01 07:00:29',NULL),(100,77,'2019-09-01 07:00:35',NULL),(101,83,'2019-09-01 07:07:08',NULL),(102,78,'2019-09-01 07:07:15',NULL),(103,83,'2019-09-01 07:07:34',NULL),(104,66,'2019-09-01 07:08:05',NULL),(105,72,'2019-09-01 07:08:21',NULL),(106,78,'2019-09-01 07:08:34',NULL),(107,2,'2019-09-01 09:15:27',NULL),(108,88,'2019-09-01 10:23:39',NULL),(109,38,'2019-09-01 14:29:46',NULL),(110,42,'2019-09-01 15:45:50',NULL),(111,84,'2019-09-01 15:49:02',NULL),(112,85,'2019-09-01 16:14:07',NULL),(113,85,'2019-09-01 16:15:29',NULL),(114,81,'2019-09-01 16:16:06',NULL),(115,84,'2019-09-01 16:16:28',NULL),(116,87,'2019-09-01 16:16:43',NULL),(117,80,'2019-09-01 16:16:58',NULL),(118,87,'2019-09-01 16:17:04',NULL),(119,82,'2019-09-01 16:17:12',NULL),(120,86,'2019-09-01 16:17:29',NULL),(121,74,'2019-09-01 16:26:55',NULL),(122,84,'2019-09-01 19:52:18',NULL),(123,84,'2019-09-01 19:53:20',NULL),(124,24,'2019-09-02 06:06:20',NULL),(125,42,'2019-09-02 06:06:40',NULL),(126,24,'2019-09-02 06:06:49',NULL),(127,38,'2019-09-02 06:07:07',NULL),(128,69,'2019-09-02 06:07:16',NULL),(129,32,'2019-09-02 06:07:28',NULL),(130,69,'2019-09-02 06:07:34',NULL),(131,38,'2019-09-02 06:07:35',NULL),(132,74,'2019-09-02 06:07:44',NULL),(133,38,'2019-09-02 06:07:51',NULL),(134,76,'2019-09-02 06:07:58',NULL),(135,38,'2019-09-02 06:08:03',NULL),(136,75,'2019-09-02 06:08:06',NULL),(137,38,'2019-09-02 06:08:13',NULL),(138,74,'2019-09-02 06:08:15',NULL),(139,38,'2019-09-02 06:08:22',NULL),(140,68,'2019-09-02 06:08:32',NULL),(141,68,'2019-09-02 06:09:11',NULL),(142,68,'2019-09-02 06:09:13',NULL),(143,68,'2019-09-02 06:09:14',NULL),(144,68,'2019-09-02 06:09:16',NULL),(145,68,'2019-09-02 06:09:17',NULL),(146,45,'2019-09-02 06:27:18',NULL),(147,57,'2019-09-02 06:27:33',NULL),(148,46,'2019-09-02 06:27:59',NULL),(149,57,'2019-09-02 06:28:15',NULL),(150,45,'2019-09-02 06:28:22',NULL),(151,85,'2019-09-02 06:37:23',NULL),(152,18,'2019-09-02 06:39:07',NULL),(153,85,'2019-09-02 06:39:24',NULL),(154,41,'2019-09-02 06:46:04',NULL),(155,7,'2019-09-02 06:56:51',NULL),(156,7,'2019-09-02 06:57:12',NULL),(157,7,'2019-09-02 06:57:28',NULL),(158,7,'2019-09-02 06:57:55',NULL),(159,20,'2019-09-02 12:09:44',NULL),(160,24,'2019-09-02 12:29:39',NULL),(161,84,'2019-09-02 13:09:03',NULL),(162,62,'2019-09-02 16:09:43',NULL),(163,38,'2019-09-03 07:05:49',NULL),(164,101,'2019-09-03 08:19:40',NULL),(165,24,'2019-09-03 08:32:28',NULL),(166,27,'2019-09-03 08:34:28',NULL),(167,29,'2019-09-03 08:34:54',NULL),(168,29,'2019-09-03 08:37:21',NULL),(169,27,'2019-09-03 08:37:27',NULL),(170,26,'2019-09-03 08:37:34',NULL),(171,27,'2019-09-03 08:37:50',NULL),(172,25,'2019-09-03 08:37:56',NULL),(173,85,'2019-09-03 09:58:34',NULL),(174,79,'2019-09-03 10:02:00',NULL),(175,79,'2019-09-03 10:02:27',NULL),(176,88,'2019-09-03 11:15:04',NULL),(177,84,'2019-09-03 15:46:24',NULL),(178,79,'2019-09-03 15:47:17',NULL),(179,78,'2019-09-03 15:48:37',NULL),(180,79,'2019-09-03 15:48:45',NULL),(181,86,'2019-09-03 15:48:53',NULL),(182,79,'2019-09-03 15:49:09',NULL),(183,84,'2019-09-03 15:49:10',NULL),(184,84,'2019-09-03 15:53:21',NULL),(185,79,'2019-09-03 15:56:12',NULL),(186,83,'2019-09-03 15:57:01',NULL),(187,60,'2019-09-03 16:04:04',NULL),(188,60,'2019-09-03 16:06:23',NULL),(189,61,'2019-09-03 16:07:32',NULL),(190,60,'2019-09-03 16:08:35',NULL),(191,61,'2019-09-03 16:08:47',NULL),(192,63,'2019-09-03 16:08:55',NULL),(193,61,'2019-09-03 16:09:16',NULL),(194,24,'2019-09-03 16:13:26',NULL),(195,74,'2019-09-03 16:15:29',NULL),(196,12,'2019-09-03 16:15:40',NULL),(197,67,'2019-09-03 17:08:33',NULL),(198,68,'2019-09-03 17:18:17',NULL),(199,88,'2019-09-03 19:46:50',NULL),(200,86,'2019-09-04 12:39:32',NULL),(201,38,'2019-09-04 12:39:48',NULL),(202,60,'2019-09-04 15:11:42',NULL),(203,55,'2019-09-04 16:29:58',NULL),(204,50,'2019-09-04 19:31:28',NULL),(205,56,'2019-09-04 19:31:53',NULL),(206,52,'2019-09-04 19:32:15',NULL),(207,56,'2019-09-04 19:32:24',NULL),(208,46,'2019-09-04 19:32:37',NULL),(209,56,'2019-09-04 19:32:57',NULL),(210,55,'2019-09-04 19:33:10',NULL),(211,56,'2019-09-04 19:33:22',NULL),(212,55,'2019-09-04 19:33:37',NULL),(213,46,'2019-09-04 19:33:43',NULL),(214,46,'2019-09-04 19:33:52',NULL),(215,46,'2019-09-04 19:34:58',NULL),(216,55,'2019-09-04 19:35:00',NULL),(217,56,'2019-09-04 19:35:01',NULL),(218,43,'2019-09-04 19:35:05',NULL),(219,43,'2019-09-04 19:35:33',NULL),(220,43,'2019-09-04 19:35:43',NULL),(221,88,'2019-09-04 20:46:28',NULL),(222,84,'2019-09-04 20:47:25',NULL),(223,25,'2019-09-04 21:58:03',NULL),(224,87,'2019-09-04 22:00:26',NULL),(225,60,'2019-09-05 05:15:59',NULL),(226,11,'2019-09-05 05:16:21',NULL),(227,27,'2019-09-05 12:56:09',NULL),(228,58,'2019-09-05 15:27:48',NULL),(229,57,'2019-09-05 15:28:07',NULL),(230,38,'2019-09-05 15:28:51',NULL),(231,88,'2019-09-05 15:32:54',NULL),(232,95,'2019-09-05 15:33:02',NULL),(233,88,'2019-09-05 15:33:14',NULL),(234,93,'2019-09-05 15:33:25',NULL),(235,42,'2019-09-05 16:53:05',NULL),(236,38,'2019-09-05 16:54:01',NULL),(237,75,'2019-09-05 16:54:47',NULL),(238,72,'2019-09-05 16:58:00',NULL),(239,15,'2019-09-05 17:03:45',NULL),(240,15,'2019-09-05 18:44:06',NULL),(241,88,'2019-09-05 19:01:37',NULL),(242,24,'2019-09-05 19:16:06',NULL),(243,24,'2019-09-05 21:34:40',NULL),(244,38,'2019-09-05 22:00:42',NULL),(245,6,'2019-09-05 23:23:10',NULL),(246,84,'2019-09-05 23:57:06',NULL),(247,27,'2019-09-06 06:15:28',NULL),(248,55,'2019-09-06 06:15:49',NULL),(249,24,'2019-09-06 06:16:02',NULL),(250,44,'2019-09-06 06:16:10',NULL),(251,15,'2019-09-06 10:04:11',NULL),(252,42,'2019-09-06 10:46:09',NULL),(253,38,'2019-09-06 10:53:15',NULL),(254,5,'2019-09-06 10:53:41',NULL),(255,86,'2019-09-06 11:33:44',NULL),(256,83,'2019-09-06 11:34:03',NULL),(257,86,'2019-09-06 11:34:07',NULL),(258,86,'2019-09-06 11:34:12',NULL),(259,68,'2019-09-06 11:39:49',NULL),(260,79,'2019-09-06 11:40:19',NULL),(261,15,'2019-09-06 11:45:38',NULL),(262,7,'2019-09-06 13:01:15',NULL),(263,84,'2019-09-06 13:16:22',NULL),(264,68,'2019-09-06 13:17:15',NULL),(265,27,'2019-09-06 14:04:12',NULL),(266,60,'2019-09-06 14:04:18',NULL),(267,7,'2019-09-06 14:05:49',NULL),(268,61,'2019-09-06 14:07:11',NULL),(269,13,'2019-09-06 14:08:59',NULL),(270,72,'2019-09-06 14:09:49',NULL),(271,71,'2019-09-06 14:09:57',NULL),(272,15,'2019-09-06 15:39:33',NULL),(273,78,'2019-09-06 16:24:54',NULL),(274,88,'2019-09-06 16:27:29',NULL),(275,99,'2019-09-06 16:28:16',NULL),(276,5,'2019-09-06 16:43:33',NULL),(277,6,'2019-09-06 16:43:51',NULL),(278,6,'2019-09-06 16:44:05',NULL),(279,88,'2019-09-06 17:01:33',NULL),(280,12,'2019-09-06 18:45:32',NULL),(281,3,'2019-09-06 18:48:29',NULL),(282,5,'2019-09-06 18:49:25',NULL),(283,16,'2019-09-06 18:51:26',NULL),(284,19,'2019-09-06 18:52:21',NULL),(285,99,'2019-09-06 18:53:23',NULL),(286,84,'2019-09-06 18:53:34',NULL),(287,74,'2019-09-06 18:54:10',NULL),(288,99,'2019-09-06 18:54:18',NULL),(289,46,'2019-09-06 18:54:32',NULL),(290,56,'2019-09-06 18:55:08',NULL),(291,42,'2019-09-06 20:05:49',NULL),(292,72,'2019-09-06 20:40:40',NULL),(293,25,'2019-09-06 21:01:55',NULL),(294,25,'2019-09-06 21:02:48',NULL),(295,38,'2019-09-07 02:03:42',NULL),(296,20,'2019-09-07 09:20:56',NULL),(297,88,'2019-09-07 11:11:13',NULL),(298,88,'2019-09-07 14:57:29',NULL),(299,25,'2019-09-07 15:09:33',NULL),(300,25,'2019-09-07 15:10:03',NULL),(301,75,'2019-09-07 22:21:42',NULL),(302,25,'2019-09-07 23:50:37',NULL),(303,25,'2019-09-07 23:53:55',NULL),(304,68,'2019-09-08 04:08:55',NULL),(305,78,'2019-09-08 04:10:04',NULL),(306,77,'2019-09-08 04:13:05',NULL),(307,59,'2019-09-08 04:16:17',NULL),(308,62,'2019-09-08 04:16:50',NULL),(309,59,'2019-09-08 04:17:02',NULL),(310,63,'2019-09-08 04:17:26',NULL),(311,59,'2019-09-08 04:17:51',NULL),(312,60,'2019-09-08 04:18:00',NULL),(313,59,'2019-09-08 04:18:33',NULL),(314,59,'2019-09-08 04:18:49',NULL),(315,61,'2019-09-08 04:19:17',NULL),(316,60,'2019-09-08 04:19:53',NULL),(317,61,'2019-09-08 04:19:57',NULL),(318,82,'2019-09-08 04:21:04',NULL),(319,82,'2019-09-08 04:21:06',NULL),(320,82,'2019-09-08 04:21:06',NULL),(321,82,'2019-09-08 04:21:06',NULL),(322,82,'2019-09-08 04:21:06',NULL),(323,82,'2019-09-08 04:21:06',NULL),(324,80,'2019-09-08 04:21:30',NULL),(325,82,'2019-09-08 04:21:58',NULL),(326,83,'2019-09-08 04:22:08',NULL),(327,78,'2019-09-08 04:22:25',NULL),(328,83,'2019-09-08 04:23:15',NULL),(329,84,'2019-09-08 04:25:24',NULL),(330,78,'2019-09-08 04:25:38',NULL),(331,84,'2019-09-08 04:26:32',NULL),(332,60,'2019-09-08 08:34:47',NULL),(333,60,'2019-09-08 08:35:07',NULL),(334,60,'2019-09-08 09:22:31',NULL),(335,25,'2019-09-08 09:23:38',NULL),(336,24,'2019-09-08 09:49:07',NULL),(337,27,'2019-09-08 09:49:36',NULL),(338,84,'2019-09-08 09:53:52',NULL),(339,60,'2019-09-08 09:54:05',NULL),(340,60,'2019-09-08 10:13:49',NULL),(341,2,'2019-09-08 10:14:44',NULL),(342,56,'2019-09-08 11:03:17',NULL),(343,46,'2019-09-08 11:03:36',NULL),(344,27,'2019-09-08 11:04:07',NULL),(345,42,'2019-09-08 11:04:56',NULL),(346,27,'2019-09-08 11:05:22',NULL),(347,68,'2019-09-08 12:02:42',NULL),(348,61,'2019-09-08 12:04:22',NULL),(349,77,'2019-09-08 12:06:43',NULL),(350,60,'2019-09-08 12:07:48',NULL),(351,24,'2019-09-08 21:30:17',NULL),(352,38,'2019-09-08 21:30:47',NULL),(353,24,'2019-09-08 21:31:03',NULL),(354,25,'2019-09-08 21:31:24',NULL),(355,29,'2019-09-08 21:31:43',NULL),(356,60,'2019-09-08 21:33:15',NULL),(357,59,'2019-09-08 21:33:30',NULL),(358,29,'2019-09-08 21:34:47',NULL),(359,25,'2019-09-08 21:35:13',NULL),(360,24,'2019-09-08 21:35:35',NULL),(361,27,'2019-09-08 21:35:57',NULL),(362,26,'2019-09-08 21:36:11',NULL),(363,25,'2019-09-08 21:36:21',NULL),(364,25,'2019-09-08 21:38:58',NULL),(365,25,'2019-09-08 21:41:53',NULL),(366,24,'2019-09-08 21:42:06',NULL),(367,29,'2019-09-08 21:42:20',NULL),(368,27,'2019-09-08 21:42:38',NULL),(369,26,'2019-09-08 21:42:51',NULL),(370,25,'2019-09-08 21:43:10',NULL),(371,29,'2019-09-08 22:01:44',NULL),(372,24,'2019-09-08 22:02:28',NULL),(373,25,'2019-09-08 22:02:43',NULL),(374,29,'2019-09-08 22:02:56',NULL),(375,28,'2019-09-08 22:03:06',NULL),(376,27,'2019-09-08 22:03:11',NULL),(377,26,'2019-09-08 22:03:18',NULL),(378,25,'2019-09-08 22:03:24',NULL),(379,99,'2019-09-09 06:59:30',NULL),(380,71,'2019-09-09 08:58:00',NULL),(381,29,'2019-09-09 14:23:27',NULL),(382,26,'2019-09-09 14:23:46',NULL),(383,28,'2019-09-09 14:24:03',NULL),(384,28,'2019-09-09 14:24:17',NULL),(385,26,'2019-09-09 14:24:36',NULL),(386,29,'2019-09-09 14:24:41',NULL),(387,24,'2019-09-09 14:24:46',NULL),(388,29,'2019-09-09 14:24:54',NULL),(389,85,'2019-09-09 14:28:27',NULL),(390,5,'2019-09-09 14:29:18',NULL),(391,81,'2019-09-09 14:30:17',NULL),(392,45,'2019-09-09 19:57:09',NULL),(393,56,'2019-09-09 19:57:35',NULL);

/*Table structure for table `s_slide_view` */

DROP TABLE IF EXISTS `s_slide_view`;

CREATE TABLE `s_slide_view` (
  `id_slide_view` int(10) NOT NULL AUTO_INCREMENT,
  `id_slide` int(10) DEFAULT NULL,
  `created_at` datetime DEFAULT NULL,
  `updated_at` datetime DEFAULT NULL,
  PRIMARY KEY (`id_slide_view`)
) ENGINE=InnoDB AUTO_INCREMENT=23 DEFAULT CHARSET=latin1;

/*Data for the table `s_slide_view` */

insert  into `s_slide_view`(`id_slide_view`,`id_slide`,`created_at`,`updated_at`) values (12,10,'2019-09-05 14:58:40',NULL),(13,10,'2019-09-05 14:58:45',NULL),(14,10,'2019-09-05 14:58:50',NULL),(15,9,'2019-09-05 14:59:00',NULL),(16,10,'2019-09-05 15:50:15',NULL),(17,10,'2019-09-06 08:52:42',NULL),(18,2,'2019-09-06 21:06:20',NULL),(19,2,'2019-09-08 09:27:02',NULL),(20,12,'2019-09-08 09:27:59',NULL),(21,12,'2019-09-08 09:39:12',NULL),(22,2,'2019-09-08 11:59:16',NULL);

/*Table structure for table `s_website_view` */

DROP TABLE IF EXISTS `s_website_view`;

CREATE TABLE `s_website_view` (
  `id_website_view` int(10) NOT NULL AUTO_INCREMENT,
  `created_at` datetime DEFAULT NULL,
  `updated_at` datetime DEFAULT NULL,
  PRIMARY KEY (`id_website_view`)
) ENGINE=InnoDB AUTO_INCREMENT=1753 DEFAULT CHARSET=latin1;

/*Data for the table `s_website_view` */

insert  into `s_website_view`(`id_website_view`,`created_at`,`updated_at`) values (1,'2019-08-18 20:55:48',NULL),(2,'2019-08-18 20:56:16',NULL),(3,'2019-08-18 20:57:53',NULL),(4,'2019-08-18 20:58:04',NULL),(5,'2019-08-18 20:58:16',NULL),(6,'2019-08-18 20:58:25',NULL),(7,'2019-08-18 21:19:20',NULL),(8,'2019-08-18 21:20:04',NULL),(9,'2019-08-18 21:23:42',NULL),(10,'2019-08-18 21:30:12',NULL),(11,'2019-08-18 21:30:13',NULL),(12,'2019-08-18 21:34:46',NULL),(13,'2019-08-18 21:35:13',NULL),(14,'2019-08-18 22:06:08',NULL),(15,'2019-08-18 22:06:19',NULL),(16,'2019-08-18 22:09:13',NULL),(17,'2019-08-18 22:09:34',NULL),(18,'2019-08-18 22:09:37',NULL),(19,'2019-08-18 22:09:39',NULL),(20,'2019-08-18 22:36:19',NULL),(21,'2019-08-18 22:36:34',NULL),(22,'2019-08-18 22:37:27',NULL),(23,'2019-08-18 22:38:05',NULL),(24,'2019-08-19 08:47:18',NULL),(25,'2019-08-19 08:48:00',NULL),(26,'2019-08-19 08:48:40',NULL),(27,'2019-08-19 08:49:39',NULL),(28,'2019-08-19 08:50:19',NULL),(29,'2019-08-19 08:53:10',NULL),(30,'2019-08-19 09:07:37',NULL),(31,'2019-08-19 10:12:28',NULL),(32,'2019-08-19 20:41:19',NULL),(33,'2019-08-19 20:41:48',NULL),(34,'2019-08-19 20:42:07',NULL),(35,'2019-08-19 23:00:35',NULL),(36,'2019-08-20 09:39:51',NULL),(37,'2019-08-20 09:53:46',NULL),(38,'2019-08-20 23:36:42',NULL),(39,'2019-08-20 23:52:19',NULL),(40,'2019-08-20 23:53:19',NULL),(41,'2019-08-21 00:26:03',NULL),(42,'2019-08-21 07:06:20',NULL),(43,'2019-08-21 07:06:45',NULL),(44,'2019-08-21 07:06:48',NULL),(45,'2019-08-21 09:51:30',NULL),(46,'2019-08-21 09:51:38',NULL),(47,'2019-08-21 09:51:42',NULL),(48,'2019-08-21 09:52:21',NULL),(49,'2019-08-21 10:53:26',NULL),(50,'2019-08-21 10:55:48',NULL),(51,'2019-08-21 10:56:52',NULL),(52,'2019-08-21 10:56:58',NULL),(53,'2019-08-21 10:57:22',NULL),(54,'2019-08-21 10:57:29',NULL),(55,'2019-08-21 10:57:42',NULL),(56,'2019-08-21 10:57:52',NULL),(57,'2019-08-21 10:58:09',NULL),(58,'2019-08-21 10:58:13',NULL),(59,'2019-08-21 10:59:48',NULL),(60,'2019-08-21 11:10:01',NULL),(61,'2019-08-21 11:14:29',NULL),(62,'2019-08-21 11:22:24',NULL),(63,'2019-08-21 11:30:18',NULL),(64,'2019-08-21 11:33:31',NULL),(65,'2019-08-21 11:44:46',NULL),(66,'2019-08-21 12:31:38',NULL),(67,'2019-08-21 12:33:35',NULL),(68,'2019-08-21 13:21:09',NULL),(69,'2019-08-21 13:21:56',NULL),(70,'2019-08-21 13:51:05',NULL),(71,'2019-08-21 13:52:04',NULL),(72,'2019-08-21 13:54:32',NULL),(73,'2019-08-21 14:00:02',NULL),(74,'2019-08-21 14:00:52',NULL),(75,'2019-08-21 14:21:15',NULL),(76,'2019-08-21 14:21:54',NULL),(77,'2019-08-21 14:28:52',NULL),(78,'2019-08-21 14:29:44',NULL),(79,'2019-08-21 14:31:12',NULL),(80,'2019-08-21 14:33:54',NULL),(81,'2019-08-21 15:50:14',NULL),(82,'2019-08-21 15:54:10',NULL),(83,'2019-08-21 16:47:25',NULL),(84,'2019-08-21 17:42:06',NULL),(85,'2019-08-21 17:42:06',NULL),(86,'2019-08-21 17:42:47',NULL),(87,'2019-08-21 17:49:22',NULL),(88,'2019-08-21 17:50:07',NULL),(89,'2019-08-21 21:22:39',NULL),(90,'2019-08-21 21:48:08',NULL),(91,'2019-08-21 21:57:45',NULL),(92,'2019-08-22 09:56:57',NULL),(93,'2019-08-22 09:58:26',NULL),(94,'2019-08-22 10:59:53',NULL),(95,'2019-08-22 15:51:26',NULL),(96,'2019-08-22 17:50:18',NULL),(97,'2019-08-22 17:50:30',NULL),(98,'2019-08-22 21:15:13',NULL),(99,'2019-08-22 21:15:13',NULL),(100,'2019-08-22 21:40:26',NULL),(101,'2019-08-23 09:35:15',NULL),(102,'2019-08-23 09:35:55',NULL),(103,'2019-08-23 09:37:07',NULL),(104,'2019-08-23 10:07:31',NULL),(105,'2019-08-23 10:08:10',NULL),(106,'2019-08-23 10:08:17',NULL),(107,'2019-08-23 10:09:28',NULL),(108,'2019-08-23 10:11:00',NULL),(109,'2019-08-23 10:12:29',NULL),(110,'2019-08-23 10:12:38',NULL),(111,'2019-08-23 10:13:03',NULL),(112,'2019-08-23 10:13:08',NULL),(113,'2019-08-23 10:14:32',NULL),(114,'2019-08-23 10:14:53',NULL),(115,'2019-08-23 10:15:13',NULL),(116,'2019-08-23 10:15:26',NULL),(117,'2019-08-23 10:15:33',NULL),(118,'2019-08-23 12:38:23',NULL),(119,'2019-08-23 12:39:11',NULL),(120,'2019-08-23 12:39:25',NULL),(121,'2019-08-23 13:05:45',NULL),(122,'2019-08-23 14:55:36',NULL),(123,'2019-08-23 14:56:18',NULL),(124,'2019-08-23 16:52:40',NULL),(125,'2019-08-23 16:55:46',NULL),(126,'2019-08-23 23:29:35',NULL),(127,'2019-08-23 23:30:52',NULL),(128,'2019-08-23 23:30:52',NULL),(129,'2019-08-23 23:31:11',NULL),(130,'2019-08-23 23:32:42',NULL),(131,'2019-08-23 23:34:38',NULL),(132,'2019-08-23 23:34:55',NULL),(133,'2019-08-23 23:34:56',NULL),(134,'2019-08-23 23:34:57',NULL),(135,'2019-08-23 23:55:17',NULL),(136,'2019-08-24 11:18:08',NULL),(137,'2019-08-24 11:18:17',NULL),(138,'2019-08-24 11:20:30',NULL),(139,'2019-08-24 11:20:30',NULL),(140,'2019-08-24 11:20:44',NULL),(141,'2019-08-24 11:21:12',NULL),(142,'2019-08-24 11:22:51',NULL),(143,'2019-08-24 11:24:42',NULL),(144,'2019-08-24 11:25:38',NULL),(145,'2019-08-24 11:27:23',NULL),(146,'2019-08-24 11:27:30',NULL),(147,'2019-08-24 11:28:11',NULL),(148,'2019-08-24 11:29:46',NULL),(149,'2019-08-24 11:30:12',NULL),(150,'2019-08-24 11:30:15',NULL),(151,'2019-08-24 11:58:53',NULL),(152,'2019-08-24 11:59:30',NULL),(153,'2019-08-24 12:01:41',NULL),(154,'2019-08-24 12:31:30',NULL),(155,'2019-08-24 14:52:18',NULL),(156,'2019-08-24 18:04:57',NULL),(157,'2019-08-24 18:05:55',NULL),(158,'2019-08-24 18:08:10',NULL),(159,'2019-08-24 21:16:41',NULL),(160,'2019-08-25 17:12:06',NULL),(161,'2019-08-25 17:12:24',NULL),(162,'2019-08-25 17:12:26',NULL),(163,'2019-08-25 17:12:26',NULL),(164,'2019-08-25 17:12:30',NULL),(165,'2019-08-26 10:04:00',NULL),(166,'2019-08-26 10:21:26',NULL),(167,'2019-08-26 10:26:35',NULL),(168,'2019-08-26 11:34:30',NULL),(169,'2019-08-26 13:32:07',NULL),(170,'2019-08-26 13:38:28',NULL),(171,'2019-08-26 13:55:16',NULL),(172,'2019-08-26 14:26:28',NULL),(173,'2019-08-27 18:18:27',NULL),(174,'2019-08-27 18:40:06',NULL),(175,'2019-08-27 20:36:19',NULL),(176,'2019-08-27 20:36:19',NULL),(177,'2019-08-27 20:36:58',NULL),(178,'2019-08-27 20:37:17',NULL),(179,'2019-08-27 20:38:11',NULL),(180,'2019-08-27 20:38:50',NULL),(181,'2019-08-27 20:40:42',NULL),(182,'2019-08-27 20:41:24',NULL),(183,'2019-08-27 20:41:35',NULL),(184,'2019-08-27 20:42:15',NULL),(185,'2019-08-27 20:42:31',NULL),(186,'2019-08-27 20:43:20',NULL),(187,'2019-08-27 20:43:20',NULL),(188,'2019-08-27 20:43:48',NULL),(189,'2019-08-27 20:43:59',NULL),(190,'2019-08-27 20:49:30',NULL),(191,'2019-08-27 20:57:53',NULL),(192,'2019-08-27 21:15:17',NULL),(193,'2019-08-27 21:40:48',NULL),(194,'2019-08-27 21:43:29',NULL),(195,'2019-08-27 21:58:42',NULL),(196,'2019-08-28 01:02:27',NULL),(197,'2019-08-28 07:04:36',NULL),(198,'2019-08-28 07:07:41',NULL),(199,'2019-08-28 07:09:08',NULL),(200,'2019-08-28 07:09:09',NULL),(201,'2019-08-28 07:09:10',NULL),(202,'2019-08-28 07:09:12',NULL),(203,'2019-08-28 07:10:34',NULL),(204,'2019-08-28 07:11:03',NULL),(205,'2019-08-28 07:26:40',NULL),(206,'2019-08-28 07:43:23',NULL),(207,'2019-08-28 07:44:57',NULL),(208,'2019-08-28 07:45:26',NULL),(209,'2019-08-28 07:45:45',NULL),(210,'2019-08-28 08:23:46',NULL),(211,'2019-08-28 08:24:19',NULL),(212,'2019-08-28 10:06:49',NULL),(213,'2019-08-28 10:19:44',NULL),(214,'2019-08-28 10:24:43',NULL),(215,'2019-08-28 10:45:14',NULL),(216,'2019-08-28 10:49:40',NULL),(217,'2019-08-28 11:06:20',NULL),(218,'2019-08-28 11:17:50',NULL),(219,'2019-08-28 11:42:37',NULL),(220,'2019-08-28 11:44:21',NULL),(221,'2019-08-28 11:44:22',NULL),(222,'2019-08-28 14:26:53',NULL),(223,'2019-08-28 17:32:52',NULL),(224,'2019-08-28 17:34:23',NULL),(225,'2019-08-28 17:52:09',NULL),(226,'2019-08-28 17:54:09',NULL),(227,'2019-08-28 17:56:59',NULL),(228,'2019-08-28 17:57:47',NULL),(229,'2019-08-28 18:19:40',NULL),(230,'2019-08-28 18:19:40',NULL),(231,'2019-08-28 18:20:15',NULL),(232,'2019-08-28 19:34:18',NULL),(233,'2019-08-28 19:37:56',NULL),(234,'2019-08-28 19:54:41',NULL),(235,'2019-08-28 19:54:42',NULL),(236,'2019-08-28 19:55:17',NULL),(237,'2019-08-28 19:55:18',NULL),(238,'2019-08-28 19:58:59',NULL),(239,'2019-08-28 20:08:45',NULL),(240,'2019-08-28 20:09:06',NULL),(241,'2019-08-28 20:26:51',NULL),(242,'2019-08-28 21:32:29',NULL),(243,'2019-08-28 22:04:42',NULL),(244,'2019-08-28 22:04:43',NULL),(245,'2019-08-28 22:07:35',NULL),(246,'2019-08-28 22:09:39',NULL),(247,'2019-08-28 22:10:03',NULL),(248,'2019-08-28 22:11:11',NULL),(249,'2019-08-28 22:11:17',NULL),(250,'2019-08-29 00:18:46',NULL),(251,'2019-08-29 09:56:48',NULL),(252,'2019-08-29 10:31:45',NULL),(253,'2019-08-29 11:22:20',NULL),(254,'2019-08-29 13:57:14',NULL),(255,'2019-08-29 14:41:22',NULL),(256,'2019-08-29 15:30:08',NULL),(257,'2019-08-29 15:31:59',NULL),(258,'2019-08-29 17:58:47',NULL),(259,'2019-08-29 18:01:34',NULL),(260,'2019-08-29 18:27:51',NULL),(261,'2019-08-29 21:45:22',NULL),(262,'2019-08-29 22:27:15',NULL),(263,'2019-08-30 05:43:49',NULL),(264,'2019-08-30 12:03:41',NULL),(265,'2019-08-30 12:15:00',NULL),(266,'2019-08-30 12:16:33',NULL),(267,'2019-08-30 12:22:24',NULL),(268,'2019-08-30 12:27:15',NULL),(269,'2019-08-30 14:17:29',NULL),(270,'2019-08-30 15:24:19',NULL),(271,'2019-08-30 16:43:54',NULL),(272,'2019-08-30 18:57:05',NULL),(273,'2019-08-30 19:06:34',NULL),(274,'2019-08-30 20:57:17',NULL),(275,'2019-08-30 22:53:52',NULL),(276,'2019-08-30 22:53:53',NULL),(277,'2019-08-30 23:36:08',NULL),(278,'2019-08-31 05:59:45',NULL),(279,'2019-08-31 08:46:20',NULL),(280,'2019-08-31 09:30:04',NULL),(281,'2019-08-31 12:20:05',NULL),(282,'2019-08-31 12:20:11',NULL),(283,'2019-08-31 12:21:56',NULL),(284,'2019-08-31 12:34:24',NULL),(285,'2019-08-31 12:36:08',NULL),(286,'2019-08-31 12:36:37',NULL),(287,'2019-08-31 13:20:30',NULL),(288,'2019-08-31 14:11:24',NULL),(289,'2019-08-31 14:11:24',NULL),(290,'2019-08-31 14:11:24',NULL),(291,'2019-08-31 14:11:25',NULL),(292,'2019-08-31 14:11:25',NULL),(293,'2019-08-31 14:11:25',NULL),(294,'2019-08-31 14:11:26',NULL),(295,'2019-08-31 15:43:49',NULL),(296,'2019-08-31 17:13:07',NULL),(297,'2019-08-31 17:13:16',NULL),(298,'2019-08-31 17:13:41',NULL),(299,'2019-08-31 17:13:43',NULL),(300,'2019-08-31 17:13:44',NULL),(301,'2019-08-31 17:13:44',NULL),(302,'2019-08-31 17:13:44',NULL),(303,'2019-08-31 17:13:47',NULL),(304,'2019-08-31 17:16:18',NULL),(305,'2019-08-31 17:16:35',NULL),(306,'2019-08-31 17:17:19',NULL),(307,'2019-08-31 17:17:46',NULL),(308,'2019-08-31 17:18:08',NULL),(309,'2019-08-31 17:18:27',NULL),(310,'2019-08-31 17:18:47',NULL),(311,'2019-08-31 17:19:05',NULL),(312,'2019-08-31 17:19:22',NULL),(313,'2019-08-31 17:19:39',NULL),(314,'2019-08-31 17:19:57',NULL),(315,'2019-08-31 17:20:18',NULL),(316,'2019-08-31 17:20:53',NULL),(317,'2019-08-31 17:22:09',NULL),(318,'2019-08-31 17:22:09',NULL),(319,'2019-08-31 17:22:09',NULL),(320,'2019-08-31 17:22:10',NULL),(321,'2019-08-31 17:22:10',NULL),(322,'2019-08-31 17:22:10',NULL),(323,'2019-08-31 17:22:10',NULL),(324,'2019-08-31 17:22:10',NULL),(325,'2019-08-31 17:22:10',NULL),(326,'2019-08-31 17:22:11',NULL),(327,'2019-08-31 17:22:11',NULL),(328,'2019-08-31 17:22:11',NULL),(329,'2019-08-31 17:22:11',NULL),(330,'2019-08-31 17:22:14',NULL),(331,'2019-08-31 19:07:29',NULL),(332,'2019-08-31 19:15:28',NULL),(333,'2019-08-31 19:52:33',NULL),(334,'2019-08-31 19:57:05',NULL),(335,'2019-08-31 19:59:11',NULL),(336,'2019-08-31 19:59:11',NULL),(337,'2019-08-31 20:02:00',NULL),(338,'2019-08-31 20:02:00',NULL),(339,'2019-08-31 20:04:18',NULL),(340,'2019-08-31 20:04:25',NULL),(341,'2019-08-31 20:06:15',NULL),(342,'2019-08-31 20:06:38',NULL),(343,'2019-08-31 20:06:53',NULL),(344,'2019-08-31 20:08:21',NULL),(345,'2019-08-31 20:08:25',NULL),(346,'2019-08-31 20:08:51',NULL),(347,'2019-08-31 20:09:06',NULL),(348,'2019-08-31 20:09:17',NULL),(349,'2019-08-31 20:09:17',NULL),(350,'2019-08-31 20:09:31',NULL),(351,'2019-08-31 20:09:44',NULL),(352,'2019-08-31 20:10:38',NULL),(353,'2019-08-31 20:10:46',NULL),(354,'2019-08-31 20:11:13',NULL),(355,'2019-08-31 20:14:27',NULL),(356,'2019-08-31 20:17:38',NULL),(357,'2019-08-31 20:19:10',NULL),(358,'2019-08-31 20:22:46',NULL),(359,'2019-08-31 20:23:15',NULL),(360,'2019-08-31 20:24:08',NULL),(361,'2019-08-31 20:25:10',NULL),(362,'2019-08-31 20:27:52',NULL),(363,'2019-08-31 20:27:52',NULL),(364,'2019-08-31 20:27:52',NULL),(365,'2019-08-31 20:27:52',NULL),(366,'2019-08-31 20:27:56',NULL),(367,'2019-08-31 20:27:57',NULL),(368,'2019-08-31 20:28:11',NULL),(369,'2019-08-31 20:28:13',NULL),(370,'2019-08-31 20:29:27',NULL),(371,'2019-08-31 20:29:41',NULL),(372,'2019-08-31 20:45:27',NULL),(373,'2019-08-31 20:50:35',NULL),(374,'2019-08-31 20:50:40',NULL),(375,'2019-08-31 20:50:48',NULL),(376,'2019-08-31 20:51:02',NULL),(377,'2019-08-31 21:12:09',NULL),(378,'2019-08-31 21:13:01',NULL),(379,'2019-08-31 21:14:48',NULL),(380,'2019-08-31 21:14:48',NULL),(381,'2019-08-31 21:15:13',NULL),(382,'2019-08-31 21:16:23',NULL),(383,'2019-08-31 22:04:53',NULL),(384,'2019-08-31 22:33:40',NULL),(385,'2019-08-31 22:34:23',NULL),(386,'2019-08-31 23:04:46',NULL),(387,'2019-08-31 23:07:21',NULL),(388,'2019-08-31 23:10:55',NULL),(389,'2019-08-31 23:12:34',NULL),(390,'2019-08-31 23:16:44',NULL),(391,'2019-08-31 23:16:54',NULL),(392,'2019-08-31 23:30:17',NULL),(393,'2019-08-31 23:41:10',NULL),(394,'2019-08-31 23:41:57',NULL),(395,'2019-08-31 23:42:26',NULL),(396,'2019-08-31 23:42:37',NULL),(397,'2019-08-31 23:42:46',NULL),(398,'2019-08-31 23:42:55',NULL),(399,'2019-08-31 23:43:07',NULL),(400,'2019-08-31 23:48:31',NULL),(401,'2019-09-01 00:14:11',NULL),(402,'2019-09-01 05:10:16',NULL),(403,'2019-09-01 05:10:53',NULL),(404,'2019-09-01 05:10:53',NULL),(405,'2019-09-01 05:11:15',NULL),(406,'2019-09-01 05:11:41',NULL),(407,'2019-09-01 05:13:18',NULL),(408,'2019-09-01 05:17:01',NULL),(409,'2019-09-01 05:23:36',NULL),(410,'2019-09-01 05:36:46',NULL),(411,'2019-09-01 05:39:15',NULL),(412,'2019-09-01 05:46:48',NULL),(413,'2019-09-01 05:46:53',NULL),(414,'2019-09-01 05:47:05',NULL),(415,'2019-09-01 05:47:44',NULL),(416,'2019-09-01 05:48:08',NULL),(417,'2019-09-01 05:48:57',NULL),(418,'2019-09-01 05:51:34',NULL),(419,'2019-09-01 05:52:06',NULL),(420,'2019-09-01 05:52:07',NULL),(421,'2019-09-01 05:54:37',NULL),(422,'2019-09-01 05:55:11',NULL),(423,'2019-09-01 05:55:33',NULL),(424,'2019-09-01 05:56:09',NULL),(425,'2019-09-01 05:57:06',NULL),(426,'2019-09-01 05:59:18',NULL),(427,'2019-09-01 05:59:50',NULL),(428,'2019-09-01 06:01:04',NULL),(429,'2019-09-01 06:03:15',NULL),(430,'2019-09-01 06:03:17',NULL),(431,'2019-09-01 06:05:32',NULL),(432,'2019-09-01 06:32:28',NULL),(433,'2019-09-01 06:37:22',NULL),(434,'2019-09-01 06:47:56',NULL),(435,'2019-09-01 06:53:39',NULL),(436,'2019-09-01 06:55:09',NULL),(437,'2019-09-01 06:56:14',NULL),(438,'2019-09-01 06:57:13',NULL),(439,'2019-09-01 06:59:14',NULL),(440,'2019-09-01 06:59:24',NULL),(441,'2019-09-01 06:59:24',NULL),(442,'2019-09-01 06:59:25',NULL),(443,'2019-09-01 06:59:25',NULL),(444,'2019-09-01 06:59:42',NULL),(445,'2019-09-01 06:59:48',NULL),(446,'2019-09-01 07:00:10',NULL),(447,'2019-09-01 07:00:43',NULL),(448,'2019-09-01 07:07:47',NULL),(449,'2019-09-01 07:08:08',NULL),(450,'2019-09-01 07:08:27',NULL),(451,'2019-09-01 07:08:47',NULL),(452,'2019-09-01 07:20:34',NULL),(453,'2019-09-01 08:40:58',NULL),(454,'2019-09-01 08:41:50',NULL),(455,'2019-09-01 08:41:59',NULL),(456,'2019-09-01 08:41:59',NULL),(457,'2019-09-01 08:41:59',NULL),(458,'2019-09-01 08:41:59',NULL),(459,'2019-09-01 08:41:59',NULL),(460,'2019-09-01 08:41:59',NULL),(461,'2019-09-01 08:41:59',NULL),(462,'2019-09-01 08:42:00',NULL),(463,'2019-09-01 08:42:00',NULL),(464,'2019-09-01 08:42:00',NULL),(465,'2019-09-01 08:42:00',NULL),(466,'2019-09-01 08:42:00',NULL),(467,'2019-09-01 08:42:01',NULL),(468,'2019-09-01 08:42:01',NULL),(469,'2019-09-01 08:42:01',NULL),(470,'2019-09-01 08:42:01',NULL),(471,'2019-09-01 08:42:01',NULL),(472,'2019-09-01 08:42:01',NULL),(473,'2019-09-01 08:42:02',NULL),(474,'2019-09-01 08:42:02',NULL),(475,'2019-09-01 08:43:05',NULL),(476,'2019-09-01 08:43:38',NULL),(477,'2019-09-01 08:46:17',NULL),(478,'2019-09-01 08:46:49',NULL),(479,'2019-09-01 08:47:15',NULL),(480,'2019-09-01 08:48:09',NULL),(481,'2019-09-01 08:48:30',NULL),(482,'2019-09-01 08:48:36',NULL),(483,'2019-09-01 09:04:51',NULL),(484,'2019-09-01 09:14:48',NULL),(485,'2019-09-01 09:15:47',NULL),(486,'2019-09-01 09:20:13',NULL),(487,'2019-09-01 09:20:25',NULL),(488,'2019-09-01 09:21:37',NULL),(489,'2019-09-01 09:22:10',NULL),(490,'2019-09-01 09:22:36',NULL),(491,'2019-09-01 09:23:34',NULL),(492,'2019-09-01 09:24:41',NULL),(493,'2019-09-01 09:25:13',NULL),(494,'2019-09-01 09:29:14',NULL),(495,'2019-09-01 09:31:33',NULL),(496,'2019-09-01 09:49:35',NULL),(497,'2019-09-01 09:51:41',NULL),(498,'2019-09-01 09:52:01',NULL),(499,'2019-09-01 09:55:12',NULL),(500,'2019-09-01 09:56:43',NULL),(501,'2019-09-01 10:09:56',NULL),(502,'2019-09-01 10:23:22',NULL),(503,'2019-09-01 10:24:00',NULL),(504,'2019-09-01 10:42:22',NULL),(505,'2019-09-01 10:43:15',NULL),(506,'2019-09-01 11:09:10',NULL),(507,'2019-09-01 11:10:17',NULL),(508,'2019-09-01 11:19:57',NULL),(509,'2019-09-01 11:44:28',NULL),(510,'2019-09-01 11:45:31',NULL),(511,'2019-09-01 11:45:52',NULL),(512,'2019-09-01 11:45:57',NULL),(513,'2019-09-01 11:51:11',NULL),(514,'2019-09-01 12:44:49',NULL),(515,'2019-09-01 13:16:05',NULL),(516,'2019-09-01 13:22:00',NULL),(517,'2019-09-01 13:22:28',NULL),(518,'2019-09-01 13:22:40',NULL),(519,'2019-09-01 13:27:47',NULL),(520,'2019-09-01 13:28:05',NULL),(521,'2019-09-01 13:29:15',NULL),(522,'2019-09-01 13:29:24',NULL),(523,'2019-09-01 13:29:35',NULL),(524,'2019-09-01 13:33:55',NULL),(525,'2019-09-01 13:37:51',NULL),(526,'2019-09-01 13:40:55',NULL),(527,'2019-09-01 13:42:51',NULL),(528,'2019-09-01 13:55:08',NULL),(529,'2019-09-01 14:05:19',NULL),(530,'2019-09-01 14:06:01',NULL),(531,'2019-09-01 14:10:02',NULL),(532,'2019-09-01 14:12:04',NULL),(533,'2019-09-01 14:29:13',NULL),(534,'2019-09-01 15:34:23',NULL),(535,'2019-09-01 15:34:23',NULL),(536,'2019-09-01 15:44:10',NULL),(537,'2019-09-01 15:46:34',NULL),(538,'2019-09-01 15:48:22',NULL),(539,'2019-09-01 15:49:08',NULL),(540,'2019-09-01 16:05:24',NULL),(541,'2019-09-01 16:13:53',NULL),(542,'2019-09-01 16:20:56',NULL),(543,'2019-09-01 16:27:26',NULL),(544,'2019-09-01 18:12:06',NULL),(545,'2019-09-01 18:14:36',NULL),(546,'2019-09-01 18:26:45',NULL),(547,'2019-09-01 18:47:12',NULL),(548,'2019-09-01 19:09:11',NULL),(549,'2019-09-01 19:52:08',NULL),(550,'2019-09-01 19:53:14',NULL),(551,'2019-09-01 22:37:52',NULL),(552,'2019-09-01 22:40:31',NULL),(553,'2019-09-01 22:40:45',NULL),(554,'2019-09-01 22:42:28',NULL),(555,'2019-09-02 05:15:45',NULL),(556,'2019-09-02 05:21:53',NULL),(557,'2019-09-02 05:37:13',NULL),(558,'2019-09-02 05:37:28',NULL),(559,'2019-09-02 05:40:17',NULL),(560,'2019-09-02 06:05:47',NULL),(561,'2019-09-02 06:05:57',NULL),(562,'2019-09-02 06:08:41',NULL),(563,'2019-09-02 06:10:34',NULL),(564,'2019-09-02 06:11:28',NULL),(565,'2019-09-02 06:12:35',NULL),(566,'2019-09-02 06:23:42',NULL),(567,'2019-09-02 06:26:15',NULL),(568,'2019-09-02 06:29:02',NULL),(569,'2019-09-02 06:37:25',NULL),(570,'2019-09-02 06:37:43',NULL),(571,'2019-09-02 06:39:17',NULL),(572,'2019-09-02 06:43:56',NULL),(573,'2019-09-02 06:54:16',NULL),(574,'2019-09-02 06:57:09',NULL),(575,'2019-09-02 06:58:04',NULL),(576,'2019-09-02 07:24:53',NULL),(577,'2019-09-02 07:34:50',NULL),(578,'2019-09-02 07:42:54',NULL),(579,'2019-09-02 07:43:21',NULL),(580,'2019-09-02 07:50:36',NULL),(581,'2019-09-02 07:51:47',NULL),(582,'2019-09-02 07:55:15',NULL),(583,'2019-09-02 07:55:45',NULL),(584,'2019-09-02 07:55:52',NULL),(585,'2019-09-02 07:56:04',NULL),(586,'2019-09-02 07:58:07',NULL),(587,'2019-09-02 08:10:08',NULL),(588,'2019-09-02 08:34:12',NULL),(589,'2019-09-02 08:37:52',NULL),(590,'2019-09-02 08:56:50',NULL),(591,'2019-09-02 09:43:44',NULL),(592,'2019-09-02 10:12:11',NULL),(593,'2019-09-02 10:13:01',NULL),(594,'2019-09-02 10:14:00',NULL),(595,'2019-09-02 10:19:21',NULL),(596,'2019-09-02 10:29:09',NULL),(597,'2019-09-02 10:30:00',NULL),(598,'2019-09-02 10:30:13',NULL),(599,'2019-09-02 10:30:32',NULL),(600,'2019-09-02 10:36:12',NULL),(601,'2019-09-02 10:36:13',NULL),(602,'2019-09-02 10:36:53',NULL),(603,'2019-09-02 10:37:49',NULL),(604,'2019-09-02 10:38:08',NULL),(605,'2019-09-02 10:38:13',NULL),(606,'2019-09-02 10:38:59',NULL),(607,'2019-09-02 10:39:42',NULL),(608,'2019-09-02 10:43:14',NULL),(609,'2019-09-02 10:43:29',NULL),(610,'2019-09-02 10:43:29',NULL),(611,'2019-09-02 10:43:29',NULL),(612,'2019-09-02 10:43:30',NULL),(613,'2019-09-02 10:43:30',NULL),(614,'2019-09-02 10:43:30',NULL),(615,'2019-09-02 10:43:30',NULL),(616,'2019-09-02 10:43:30',NULL),(617,'2019-09-02 10:43:30',NULL),(618,'2019-09-02 10:43:30',NULL),(619,'2019-09-02 10:43:31',NULL),(620,'2019-09-02 10:43:31',NULL),(621,'2019-09-02 10:43:31',NULL),(622,'2019-09-02 10:43:31',NULL),(623,'2019-09-02 10:43:31',NULL),(624,'2019-09-02 10:43:31',NULL),(625,'2019-09-02 10:43:31',NULL),(626,'2019-09-02 10:43:32',NULL),(627,'2019-09-02 10:43:32',NULL),(628,'2019-09-02 10:43:32',NULL),(629,'2019-09-02 10:43:37',NULL),(630,'2019-09-02 10:45:07',NULL),(631,'2019-09-02 10:59:19',NULL),(632,'2019-09-02 10:59:34',NULL),(633,'2019-09-02 11:04:59',NULL),(634,'2019-09-02 11:05:21',NULL),(635,'2019-09-02 11:07:17',NULL),(636,'2019-09-02 11:28:00',NULL),(637,'2019-09-02 11:47:56',NULL),(638,'2019-09-02 12:06:28',NULL),(639,'2019-09-02 12:09:20',NULL),(640,'2019-09-02 12:21:10',NULL),(641,'2019-09-02 12:29:09',NULL),(642,'2019-09-02 12:29:52',NULL),(643,'2019-09-02 12:34:16',NULL),(644,'2019-09-02 12:34:33',NULL),(645,'2019-09-02 12:34:33',NULL),(646,'2019-09-02 12:34:34',NULL),(647,'2019-09-02 12:34:54',NULL),(648,'2019-09-02 12:36:26',NULL),(649,'2019-09-02 12:52:13',NULL),(650,'2019-09-02 12:57:43',NULL),(651,'2019-09-02 12:59:14',NULL),(652,'2019-09-02 13:04:07',NULL),(653,'2019-09-02 13:04:09',NULL),(654,'2019-09-02 13:04:10',NULL),(655,'2019-09-02 13:04:10',NULL),(656,'2019-09-02 13:04:10',NULL),(657,'2019-09-02 13:04:10',NULL),(658,'2019-09-02 13:04:11',NULL),(659,'2019-09-02 13:04:18',NULL),(660,'2019-09-02 13:08:45',NULL),(661,'2019-09-02 13:09:13',NULL),(662,'2019-09-02 13:14:23',NULL),(663,'2019-09-02 13:41:40',NULL),(664,'2019-09-02 13:43:11',NULL),(665,'2019-09-02 14:08:45',NULL),(666,'2019-09-02 14:09:10',NULL),(667,'2019-09-02 14:13:35',NULL),(668,'2019-09-02 14:14:05',NULL),(669,'2019-09-02 14:43:50',NULL),(670,'2019-09-02 14:43:53',NULL),(671,'2019-09-02 14:43:54',NULL),(672,'2019-09-02 14:44:18',NULL),(673,'2019-09-02 14:44:22',NULL),(674,'2019-09-02 14:59:33',NULL),(675,'2019-09-02 15:43:57',NULL),(676,'2019-09-02 15:44:17',NULL),(677,'2019-09-02 15:52:32',NULL),(678,'2019-09-02 16:07:35',NULL),(679,'2019-09-02 16:09:33',NULL),(680,'2019-09-02 16:09:53',NULL),(681,'2019-09-02 16:53:45',NULL),(682,'2019-09-02 16:56:44',NULL),(683,'2019-09-02 16:57:04',NULL),(684,'2019-09-02 17:16:03',NULL),(685,'2019-09-02 17:16:30',NULL),(686,'2019-09-02 17:18:17',NULL),(687,'2019-09-02 17:18:22',NULL),(688,'2019-09-02 17:42:28',NULL),(689,'2019-09-02 17:57:31',NULL),(690,'2019-09-02 19:03:30',NULL),(691,'2019-09-02 19:54:01',NULL),(692,'2019-09-02 20:44:33',NULL),(693,'2019-09-02 20:54:10',NULL),(694,'2019-09-02 21:04:49',NULL),(695,'2019-09-02 21:08:07',NULL),(696,'2019-09-02 21:13:43',NULL),(697,'2019-09-02 21:16:46',NULL),(698,'2019-09-02 21:20:22',NULL),(699,'2019-09-02 21:45:13',NULL),(700,'2019-09-02 22:12:35',NULL),(701,'2019-09-02 22:38:09',NULL),(702,'2019-09-03 02:52:23',NULL),(703,'2019-09-03 02:52:30',NULL),(704,'2019-09-03 05:54:05',NULL),(705,'2019-09-03 05:54:39',NULL),(706,'2019-09-03 05:55:27',NULL),(707,'2019-09-03 06:39:59',NULL),(708,'2019-09-03 06:39:59',NULL),(709,'2019-09-03 06:53:18',NULL),(710,'2019-09-03 07:06:10',NULL),(711,'2019-09-03 07:22:15',NULL),(712,'2019-09-03 07:27:04',NULL),(713,'2019-09-03 07:29:41',NULL),(714,'2019-09-03 07:33:40',NULL),(715,'2019-09-03 07:33:40',NULL),(716,'2019-09-03 07:33:41',NULL),(717,'2019-09-03 07:33:41',NULL),(718,'2019-09-03 07:33:41',NULL),(719,'2019-09-03 07:33:41',NULL),(720,'2019-09-03 07:33:41',NULL),(721,'2019-09-03 07:33:41',NULL),(722,'2019-09-03 07:33:42',NULL),(723,'2019-09-03 07:33:42',NULL),(724,'2019-09-03 07:33:42',NULL),(725,'2019-09-03 07:33:42',NULL),(726,'2019-09-03 07:33:42',NULL),(727,'2019-09-03 07:33:42',NULL),(728,'2019-09-03 07:33:42',NULL),(729,'2019-09-03 07:33:42',NULL),(730,'2019-09-03 07:33:43',NULL),(731,'2019-09-03 07:33:43',NULL),(732,'2019-09-03 07:33:43',NULL),(733,'2019-09-03 07:33:43',NULL),(734,'2019-09-03 07:33:44',NULL),(735,'2019-09-03 07:33:44',NULL),(736,'2019-09-03 07:33:44',NULL),(737,'2019-09-03 07:33:45',NULL),(738,'2019-09-03 07:33:45',NULL),(739,'2019-09-03 07:33:45',NULL),(740,'2019-09-03 07:33:45',NULL),(741,'2019-09-03 07:33:45',NULL),(742,'2019-09-03 07:33:46',NULL),(743,'2019-09-03 07:33:46',NULL),(744,'2019-09-03 07:33:46',NULL),(745,'2019-09-03 07:33:46',NULL),(746,'2019-09-03 07:33:46',NULL),(747,'2019-09-03 07:33:47',NULL),(748,'2019-09-03 07:33:47',NULL),(749,'2019-09-03 07:33:47',NULL),(750,'2019-09-03 07:33:47',NULL),(751,'2019-09-03 07:33:47',NULL),(752,'2019-09-03 07:33:47',NULL),(753,'2019-09-03 07:33:48',NULL),(754,'2019-09-03 07:33:53',NULL),(755,'2019-09-03 07:33:53',NULL),(756,'2019-09-03 07:33:53',NULL),(757,'2019-09-03 07:33:54',NULL),(758,'2019-09-03 07:33:54',NULL),(759,'2019-09-03 07:33:54',NULL),(760,'2019-09-03 07:33:54',NULL),(761,'2019-09-03 07:33:54',NULL),(762,'2019-09-03 07:33:55',NULL),(763,'2019-09-03 07:33:55',NULL),(764,'2019-09-03 07:33:56',NULL),(765,'2019-09-03 07:33:56',NULL),(766,'2019-09-03 07:33:56',NULL),(767,'2019-09-03 07:33:56',NULL),(768,'2019-09-03 07:33:56',NULL),(769,'2019-09-03 07:33:56',NULL),(770,'2019-09-03 07:33:57',NULL),(771,'2019-09-03 07:33:57',NULL),(772,'2019-09-03 07:33:57',NULL),(773,'2019-09-03 07:33:57',NULL),(774,'2019-09-03 08:16:47',NULL),(775,'2019-09-03 08:18:24',NULL),(776,'2019-09-03 08:29:44',NULL),(777,'2019-09-03 08:31:50',NULL),(778,'2019-09-03 08:32:57',NULL),(779,'2019-09-03 09:06:22',NULL),(780,'2019-09-03 09:08:40',NULL),(781,'2019-09-03 09:30:06',NULL),(782,'2019-09-03 09:52:51',NULL),(783,'2019-09-03 09:54:59',NULL),(784,'2019-09-03 09:55:03',NULL),(785,'2019-09-03 09:55:19',NULL),(786,'2019-09-03 09:55:34',NULL),(787,'2019-09-03 09:55:34',NULL),(788,'2019-09-03 09:56:51',NULL),(789,'2019-09-03 09:58:18',NULL),(790,'2019-09-03 09:59:03',NULL),(791,'2019-09-03 09:59:07',NULL),(792,'2019-09-03 10:00:23',NULL),(793,'2019-09-03 10:01:41',NULL),(794,'2019-09-03 10:01:57',NULL),(795,'2019-09-03 10:03:08',NULL),(796,'2019-09-03 10:05:04',NULL),(797,'2019-09-03 10:07:21',NULL),(798,'2019-09-03 10:10:10',NULL),(799,'2019-09-03 10:10:12',NULL),(800,'2019-09-03 10:11:01',NULL),(801,'2019-09-03 10:11:35',NULL),(802,'2019-09-03 10:15:15',NULL),(803,'2019-09-03 10:17:14',NULL),(804,'2019-09-03 10:17:54',NULL),(805,'2019-09-03 10:30:00',NULL),(806,'2019-09-03 10:33:44',NULL),(807,'2019-09-03 10:53:58',NULL),(808,'2019-09-03 11:14:10',NULL),(809,'2019-09-03 11:14:33',NULL),(810,'2019-09-03 11:15:23',NULL),(811,'2019-09-03 11:25:38',NULL),(812,'2019-09-03 11:57:33',NULL),(813,'2019-09-03 12:13:36',NULL),(814,'2019-09-03 12:52:11',NULL),(815,'2019-09-03 12:52:39',NULL),(816,'2019-09-03 12:56:40',NULL),(817,'2019-09-03 12:57:13',NULL),(818,'2019-09-03 13:03:58',NULL),(819,'2019-09-03 13:04:01',NULL),(820,'2019-09-03 13:05:28',NULL),(821,'2019-09-03 13:29:25',NULL),(822,'2019-09-03 13:29:27',NULL),(823,'2019-09-03 14:03:53',NULL),(824,'2019-09-03 14:14:08',NULL),(825,'2019-09-03 14:15:37',NULL),(826,'2019-09-03 14:16:13',NULL),(827,'2019-09-03 14:18:03',NULL),(828,'2019-09-03 14:43:56',NULL),(829,'2019-09-03 14:43:59',NULL),(830,'2019-09-03 14:44:00',NULL),(831,'2019-09-03 14:44:23',NULL),(832,'2019-09-03 14:44:26',NULL),(833,'2019-09-03 15:09:05',NULL),(834,'2019-09-03 15:35:38',NULL),(835,'2019-09-03 15:37:01',NULL),(836,'2019-09-03 15:45:08',NULL),(837,'2019-09-03 15:45:22',NULL),(838,'2019-09-03 15:45:47',NULL),(839,'2019-09-03 15:53:09',NULL),(840,'2019-09-03 15:56:00',NULL),(841,'2019-09-03 16:02:28',NULL),(842,'2019-09-03 16:04:44',NULL),(843,'2019-09-03 16:05:47',NULL),(844,'2019-09-03 16:12:34',NULL),(845,'2019-09-03 16:13:56',NULL),(846,'2019-09-03 16:15:34',NULL),(847,'2019-09-03 16:15:45',NULL),(848,'2019-09-03 16:18:12',NULL),(849,'2019-09-03 16:46:27',NULL),(850,'2019-09-03 16:48:24',NULL),(851,'2019-09-03 16:54:19',NULL),(852,'2019-09-03 17:04:10',NULL),(853,'2019-09-03 17:05:22',NULL),(854,'2019-09-03 17:07:33',NULL),(855,'2019-09-03 17:08:12',NULL),(856,'2019-09-03 17:09:06',NULL),(857,'2019-09-03 17:10:30',NULL),(858,'2019-09-03 17:11:12',NULL),(859,'2019-09-03 17:17:57',NULL),(860,'2019-09-03 17:19:57',NULL),(861,'2019-09-03 17:22:56',NULL),(862,'2019-09-03 17:47:23',NULL),(863,'2019-09-03 17:53:13',NULL),(864,'2019-09-03 17:53:40',NULL),(865,'2019-09-03 18:05:26',NULL),(866,'2019-09-03 18:12:30',NULL),(867,'2019-09-03 18:25:32',NULL),(868,'2019-09-03 18:58:28',NULL),(869,'2019-09-03 19:43:51',NULL),(870,'2019-09-03 19:46:42',NULL),(871,'2019-09-03 19:46:58',NULL),(872,'2019-09-03 19:48:01',NULL),(873,'2019-09-03 20:16:52',NULL),(874,'2019-09-03 21:11:31',NULL),(875,'2019-09-03 21:33:46',NULL),(876,'2019-09-03 21:35:34',NULL),(877,'2019-09-04 02:59:04',NULL),(878,'2019-09-04 04:32:22',NULL),(879,'2019-09-04 04:32:26',NULL),(880,'2019-09-04 05:17:57',NULL),(881,'2019-09-04 05:23:05',NULL),(882,'2019-09-04 05:30:44',NULL),(883,'2019-09-04 05:39:25',NULL),(884,'2019-09-04 05:47:32',NULL),(885,'2019-09-04 06:31:06',NULL),(886,'2019-09-04 07:31:01',NULL),(887,'2019-09-04 08:15:41',NULL),(888,'2019-09-04 08:21:12',NULL),(889,'2019-09-04 08:33:31',NULL),(890,'2019-09-04 08:48:28',NULL),(891,'2019-09-04 08:48:28',NULL),(892,'2019-09-04 08:48:28',NULL),(893,'2019-09-04 08:48:28',NULL),(894,'2019-09-04 08:59:03',NULL),(895,'2019-09-04 09:26:12',NULL),(896,'2019-09-04 09:26:12',NULL),(897,'2019-09-04 09:28:11',NULL),(898,'2019-09-04 09:41:02',NULL),(899,'2019-09-04 10:10:21',NULL),(900,'2019-09-04 10:43:47',NULL),(901,'2019-09-04 10:46:52',NULL),(902,'2019-09-04 10:50:09',NULL),(903,'2019-09-04 12:20:14',NULL),(904,'2019-09-04 12:20:15',NULL),(905,'2019-09-04 12:39:08',NULL),(906,'2019-09-04 12:39:38',NULL),(907,'2019-09-04 12:39:58',NULL),(908,'2019-09-04 12:40:14',NULL),(909,'2019-09-04 12:56:35',NULL),(910,'2019-09-04 13:01:30',NULL),(911,'2019-09-04 13:28:42',NULL),(912,'2019-09-04 13:31:16',NULL),(913,'2019-09-04 13:31:26',NULL),(914,'2019-09-04 13:53:11',NULL),(915,'2019-09-04 14:07:01',NULL),(916,'2019-09-04 14:08:45',NULL),(917,'2019-09-04 14:21:17',NULL),(918,'2019-09-04 14:27:34',NULL),(919,'2019-09-04 14:46:43',NULL),(920,'2019-09-04 14:46:46',NULL),(921,'2019-09-04 14:46:48',NULL),(922,'2019-09-04 14:47:11',NULL),(923,'2019-09-04 14:47:15',NULL),(924,'2019-09-04 14:49:32',NULL),(925,'2019-09-04 14:53:56',NULL),(926,'2019-09-04 15:10:41',NULL),(927,'2019-09-04 15:10:43',NULL),(928,'2019-09-04 15:13:18',NULL),(929,'2019-09-04 15:41:21',NULL),(930,'2019-09-04 15:41:21',NULL),(931,'2019-09-04 15:41:21',NULL),(932,'2019-09-04 15:41:22',NULL),(933,'2019-09-04 15:41:22',NULL),(934,'2019-09-04 15:41:22',NULL),(935,'2019-09-04 15:41:22',NULL),(936,'2019-09-04 15:41:22',NULL),(937,'2019-09-04 15:41:22',NULL),(938,'2019-09-04 15:41:23',NULL),(939,'2019-09-04 15:41:23',NULL),(940,'2019-09-04 15:41:23',NULL),(941,'2019-09-04 15:41:23',NULL),(942,'2019-09-04 15:41:23',NULL),(943,'2019-09-04 15:41:23',NULL),(944,'2019-09-04 15:41:23',NULL),(945,'2019-09-04 15:41:23',NULL),(946,'2019-09-04 15:41:24',NULL),(947,'2019-09-04 15:41:24',NULL),(948,'2019-09-04 15:41:24',NULL),(949,'2019-09-04 15:41:27',NULL),(950,'2019-09-04 15:51:14',NULL),(951,'2019-09-04 15:54:24',NULL),(952,'2019-09-04 16:12:39',NULL),(953,'2019-09-04 16:20:06',NULL),(954,'2019-09-04 16:20:08',NULL),(955,'2019-09-04 16:36:18',NULL),(956,'2019-09-04 16:41:19',NULL),(957,'2019-09-04 17:04:45',NULL),(958,'2019-09-04 17:30:43',NULL),(959,'2019-09-04 18:06:21',NULL),(960,'2019-09-04 18:41:13',NULL),(961,'2019-09-04 19:10:45',NULL),(962,'2019-09-04 19:30:34',NULL),(963,'2019-09-04 19:31:31',NULL),(964,'2019-09-04 19:42:22',NULL),(965,'2019-09-04 19:48:11',NULL),(966,'2019-09-04 19:48:19',NULL),(967,'2019-09-04 19:50:09',NULL),(968,'2019-09-04 20:27:17',NULL),(969,'2019-09-04 20:44:38',NULL),(970,'2019-09-04 20:45:19',NULL),(971,'2019-09-04 20:48:32',NULL),(972,'2019-09-04 20:49:16',NULL),(973,'2019-09-04 20:49:48',NULL),(974,'2019-09-04 21:09:42',NULL),(975,'2019-09-04 21:09:43',NULL),(976,'2019-09-04 21:09:53',NULL),(977,'2019-09-04 21:20:51',NULL),(978,'2019-09-04 21:36:54',NULL),(979,'2019-09-04 21:52:31',NULL),(980,'2019-09-04 21:56:49',NULL),(981,'2019-09-04 21:58:20',NULL),(982,'2019-09-04 22:05:47',NULL),(983,'2019-09-04 22:13:22',NULL),(984,'2019-09-04 22:13:48',NULL),(985,'2019-09-04 22:16:56',NULL),(986,'2019-09-04 22:44:54',NULL),(987,'2019-09-04 23:41:11',NULL),(988,'2019-09-05 02:46:14',NULL),(989,'2019-09-05 03:32:44',NULL),(990,'2019-09-05 05:15:27',NULL),(991,'2019-09-05 05:16:07',NULL),(992,'2019-09-05 05:16:33',NULL),(993,'2019-09-05 05:29:50',NULL),(994,'2019-09-05 05:47:30',NULL),(995,'2019-09-05 06:46:14',NULL),(996,'2019-09-05 08:26:03',NULL),(997,'2019-09-05 08:35:00',NULL),(998,'2019-09-05 08:35:00',NULL),(999,'2019-09-05 08:37:53',NULL),(1000,'2019-09-05 08:38:32',NULL),(1001,'2019-09-05 08:41:49',NULL),(1002,'2019-09-05 08:43:54',NULL),(1003,'2019-09-05 08:51:06',NULL),(1004,'2019-09-05 09:06:39',NULL),(1005,'2019-09-05 09:28:45',NULL),(1006,'2019-09-05 09:29:01',NULL),(1007,'2019-09-05 09:31:30',NULL),(1008,'2019-09-05 09:38:52',NULL),(1009,'2019-09-05 09:40:20',NULL),(1010,'2019-09-05 09:40:21',NULL),(1011,'2019-09-05 09:40:21',NULL),(1012,'2019-09-05 09:40:21',NULL),(1013,'2019-09-05 09:40:21',NULL),(1014,'2019-09-05 09:40:21',NULL),(1015,'2019-09-05 09:40:21',NULL),(1016,'2019-09-05 09:55:58',NULL),(1017,'2019-09-05 09:55:58',NULL),(1018,'2019-09-05 09:56:00',NULL),(1019,'2019-09-05 09:56:26',NULL),(1020,'2019-09-05 09:56:30',NULL),(1021,'2019-09-05 09:56:34',NULL),(1022,'2019-09-05 09:59:30',NULL),(1023,'2019-09-05 10:02:34',NULL),(1024,'2019-09-05 10:04:50',NULL),(1025,'2019-09-05 10:11:14',NULL),(1026,'2019-09-05 10:51:31',NULL),(1027,'2019-09-05 11:09:43',NULL),(1028,'2019-09-05 11:10:58',NULL),(1029,'2019-09-05 11:12:09',NULL),(1030,'2019-09-05 11:51:16',NULL),(1031,'2019-09-05 12:03:25',NULL),(1032,'2019-09-05 12:55:42',NULL),(1033,'2019-09-05 12:56:27',NULL),(1034,'2019-09-05 13:09:06',NULL),(1035,'2019-09-05 13:13:25',NULL),(1036,'2019-09-05 13:29:15',NULL),(1037,'2019-09-05 13:52:09',NULL),(1038,'2019-09-05 13:54:44',NULL),(1039,'2019-09-05 14:05:09',NULL),(1040,'2019-09-05 14:34:23',NULL),(1041,'2019-09-05 14:39:05',NULL),(1042,'2019-09-05 14:39:07',NULL),(1043,'2019-09-05 14:39:09',NULL),(1044,'2019-09-05 14:39:31',NULL),(1045,'2019-09-05 14:39:35',NULL),(1046,'2019-09-05 14:58:35',NULL),(1047,'2019-09-05 14:58:43',NULL),(1048,'2019-09-05 14:58:48',NULL),(1049,'2019-09-05 14:58:52',NULL),(1050,'2019-09-05 14:59:06',NULL),(1051,'2019-09-05 15:01:24',NULL),(1052,'2019-09-05 15:08:58',NULL),(1053,'2019-09-05 15:11:27',NULL),(1054,'2019-09-05 15:11:50',NULL),(1055,'2019-09-05 15:12:02',NULL),(1056,'2019-09-05 15:14:09',NULL),(1057,'2019-09-05 15:21:57',NULL),(1058,'2019-09-05 15:24:13',NULL),(1059,'2019-09-05 15:26:17',NULL),(1060,'2019-09-05 15:26:52',NULL),(1061,'2019-09-05 15:28:44',NULL),(1062,'2019-09-05 15:28:46',NULL),(1063,'2019-09-05 15:28:51',NULL),(1064,'2019-09-05 15:28:53',NULL),(1065,'2019-09-05 15:29:02',NULL),(1066,'2019-09-05 15:29:08',NULL),(1067,'2019-09-05 15:32:35',NULL),(1068,'2019-09-05 15:33:17',NULL),(1069,'2019-09-05 15:33:27',NULL),(1070,'2019-09-05 15:34:50',NULL),(1071,'2019-09-05 15:34:50',NULL),(1072,'2019-09-05 15:37:23',NULL),(1073,'2019-09-05 16:10:40',NULL),(1074,'2019-09-05 16:14:43',NULL),(1075,'2019-09-05 16:22:16',NULL),(1076,'2019-09-05 16:45:17',NULL),(1077,'2019-09-05 16:52:07',NULL),(1078,'2019-09-05 16:53:23',NULL),(1079,'2019-09-05 16:54:14',NULL),(1080,'2019-09-05 16:55:01',NULL),(1081,'2019-09-05 16:58:06',NULL),(1082,'2019-09-05 17:00:09',NULL),(1083,'2019-09-05 17:00:10',NULL),(1084,'2019-09-05 17:00:19',NULL),(1085,'2019-09-05 17:01:40',NULL),(1086,'2019-09-05 17:22:20',NULL),(1087,'2019-09-05 17:45:01',NULL),(1088,'2019-09-05 18:02:00',NULL),(1089,'2019-09-05 18:04:24',NULL),(1090,'2019-09-05 18:09:43',NULL),(1091,'2019-09-05 18:15:40',NULL),(1092,'2019-09-05 18:42:21',NULL),(1093,'2019-09-05 19:00:33',NULL),(1094,'2019-09-05 19:00:33',NULL),(1095,'2019-09-05 19:01:48',NULL),(1096,'2019-09-05 19:05:14',NULL),(1097,'2019-09-05 19:14:42',NULL),(1098,'2019-09-05 19:58:12',NULL),(1099,'2019-09-05 20:09:36',NULL),(1100,'2019-09-05 20:25:18',NULL),(1101,'2019-09-05 20:51:07',NULL),(1102,'2019-09-05 21:32:28',NULL),(1103,'2019-09-05 21:34:01',NULL),(1104,'2019-09-05 21:59:08',NULL),(1105,'2019-09-05 21:59:46',NULL),(1106,'2019-09-05 22:00:28',NULL),(1107,'2019-09-05 22:01:02',NULL),(1108,'2019-09-05 23:22:30',NULL),(1109,'2019-09-05 23:50:41',NULL),(1110,'2019-09-05 23:51:11',NULL),(1111,'2019-09-05 23:56:57',NULL),(1112,'2019-09-05 23:57:10',NULL),(1113,'2019-09-05 23:58:11',NULL),(1114,'2019-09-06 03:22:17',NULL),(1115,'2019-09-06 04:48:57',NULL),(1116,'2019-09-06 05:20:36',NULL),(1117,'2019-09-06 05:23:44',NULL),(1118,'2019-09-06 06:13:06',NULL),(1119,'2019-09-06 06:13:37',NULL),(1120,'2019-09-06 06:16:02',NULL),(1121,'2019-09-06 06:47:26',NULL),(1122,'2019-09-06 06:47:53',NULL),(1123,'2019-09-06 06:48:15',NULL),(1124,'2019-09-06 06:48:16',NULL),(1125,'2019-09-06 06:48:16',NULL),(1126,'2019-09-06 06:48:16',NULL),(1127,'2019-09-06 06:48:16',NULL),(1128,'2019-09-06 06:48:16',NULL),(1129,'2019-09-06 06:48:17',NULL),(1130,'2019-09-06 06:48:17',NULL),(1131,'2019-09-06 06:48:17',NULL),(1132,'2019-09-06 06:48:18',NULL),(1133,'2019-09-06 06:48:18',NULL),(1134,'2019-09-06 06:48:18',NULL),(1135,'2019-09-06 06:48:19',NULL),(1136,'2019-09-06 06:48:19',NULL),(1137,'2019-09-06 06:48:19',NULL),(1138,'2019-09-06 06:48:19',NULL),(1139,'2019-09-06 06:48:20',NULL),(1140,'2019-09-06 06:48:20',NULL),(1141,'2019-09-06 06:48:21',NULL),(1142,'2019-09-06 06:48:21',NULL),(1143,'2019-09-06 06:48:21',NULL),(1144,'2019-09-06 06:48:21',NULL),(1145,'2019-09-06 06:48:21',NULL),(1146,'2019-09-06 06:48:21',NULL),(1147,'2019-09-06 06:48:21',NULL),(1148,'2019-09-06 06:48:21',NULL),(1149,'2019-09-06 06:48:22',NULL),(1150,'2019-09-06 06:48:22',NULL),(1151,'2019-09-06 06:48:22',NULL),(1152,'2019-09-06 06:48:22',NULL),(1153,'2019-09-06 06:48:22',NULL),(1154,'2019-09-06 06:48:23',NULL),(1155,'2019-09-06 06:48:23',NULL),(1156,'2019-09-06 06:48:23',NULL),(1157,'2019-09-06 06:48:23',NULL),(1158,'2019-09-06 06:48:23',NULL),(1159,'2019-09-06 06:48:23',NULL),(1160,'2019-09-06 06:48:24',NULL),(1161,'2019-09-06 06:48:24',NULL),(1162,'2019-09-06 06:48:24',NULL),(1163,'2019-09-06 06:48:24',NULL),(1164,'2019-09-06 06:48:25',NULL),(1165,'2019-09-06 06:48:36',NULL),(1166,'2019-09-06 06:48:36',NULL),(1167,'2019-09-06 06:48:36',NULL),(1168,'2019-09-06 06:48:36',NULL),(1169,'2019-09-06 06:48:37',NULL),(1170,'2019-09-06 06:48:37',NULL),(1171,'2019-09-06 06:48:37',NULL),(1172,'2019-09-06 06:48:37',NULL),(1173,'2019-09-06 06:48:37',NULL),(1174,'2019-09-06 06:48:37',NULL),(1175,'2019-09-06 06:48:38',NULL),(1176,'2019-09-06 06:48:38',NULL),(1177,'2019-09-06 06:48:38',NULL),(1178,'2019-09-06 06:48:38',NULL),(1179,'2019-09-06 06:48:38',NULL),(1180,'2019-09-06 06:48:38',NULL),(1181,'2019-09-06 06:48:49',NULL),(1182,'2019-09-06 06:48:49',NULL),(1183,'2019-09-06 06:48:49',NULL),(1184,'2019-09-06 06:48:49',NULL),(1185,'2019-09-06 06:48:49',NULL),(1186,'2019-09-06 06:48:50',NULL),(1187,'2019-09-06 06:48:50',NULL),(1188,'2019-09-06 06:48:50',NULL),(1189,'2019-09-06 06:48:50',NULL),(1190,'2019-09-06 06:48:50',NULL),(1191,'2019-09-06 06:48:50',NULL),(1192,'2019-09-06 06:48:51',NULL),(1193,'2019-09-06 06:48:51',NULL),(1194,'2019-09-06 06:48:51',NULL),(1195,'2019-09-06 06:48:51',NULL),(1196,'2019-09-06 06:48:52',NULL),(1197,'2019-09-06 06:48:52',NULL),(1198,'2019-09-06 06:48:52',NULL),(1199,'2019-09-06 06:48:52',NULL),(1200,'2019-09-06 06:48:52',NULL),(1201,'2019-09-06 06:48:53',NULL),(1202,'2019-09-06 06:48:53',NULL),(1203,'2019-09-06 06:48:54',NULL),(1204,'2019-09-06 06:48:54',NULL),(1205,'2019-09-06 06:48:54',NULL),(1206,'2019-09-06 06:48:55',NULL),(1207,'2019-09-06 06:49:01',NULL),(1208,'2019-09-06 06:49:01',NULL),(1209,'2019-09-06 06:49:02',NULL),(1210,'2019-09-06 06:49:02',NULL),(1211,'2019-09-06 06:49:02',NULL),(1212,'2019-09-06 06:49:02',NULL),(1213,'2019-09-06 06:49:03',NULL),(1214,'2019-09-06 06:49:03',NULL),(1215,'2019-09-06 06:49:03',NULL),(1216,'2019-09-06 06:49:03',NULL),(1217,'2019-09-06 06:49:04',NULL),(1218,'2019-09-06 06:49:04',NULL),(1219,'2019-09-06 06:49:04',NULL),(1220,'2019-09-06 06:49:05',NULL),(1221,'2019-09-06 06:49:05',NULL),(1222,'2019-09-06 06:49:05',NULL),(1223,'2019-09-06 06:49:06',NULL),(1224,'2019-09-06 06:49:06',NULL),(1225,'2019-09-06 06:49:07',NULL),(1226,'2019-09-06 06:49:07',NULL),(1227,'2019-09-06 06:49:07',NULL),(1228,'2019-09-06 06:49:08',NULL),(1229,'2019-09-06 06:49:08',NULL),(1230,'2019-09-06 06:49:08',NULL),(1231,'2019-09-06 06:49:08',NULL),(1232,'2019-09-06 06:49:08',NULL),(1233,'2019-09-06 06:49:08',NULL),(1234,'2019-09-06 06:49:09',NULL),(1235,'2019-09-06 06:49:09',NULL),(1236,'2019-09-06 06:49:09',NULL),(1237,'2019-09-06 06:49:09',NULL),(1238,'2019-09-06 06:49:09',NULL),(1239,'2019-09-06 06:49:10',NULL),(1240,'2019-09-06 06:49:10',NULL),(1241,'2019-09-06 06:49:10',NULL),(1242,'2019-09-06 06:49:10',NULL),(1243,'2019-09-06 06:49:10',NULL),(1244,'2019-09-06 06:49:11',NULL),(1245,'2019-09-06 06:49:11',NULL),(1246,'2019-09-06 06:49:11',NULL),(1247,'2019-09-06 08:19:12',NULL),(1248,'2019-09-06 08:39:32',NULL),(1249,'2019-09-06 08:39:35',NULL),(1250,'2019-09-06 08:41:54',NULL),(1251,'2019-09-06 08:42:36',NULL),(1252,'2019-09-06 08:44:38',NULL),(1253,'2019-09-06 08:44:39',NULL),(1254,'2019-09-06 08:44:42',NULL),(1255,'2019-09-06 08:44:43',NULL),(1256,'2019-09-06 08:47:10',NULL),(1257,'2019-09-06 08:47:10',NULL),(1258,'2019-09-06 08:47:15',NULL),(1259,'2019-09-06 08:47:16',NULL),(1260,'2019-09-06 08:47:17',NULL),(1261,'2019-09-06 08:47:24',NULL),(1262,'2019-09-06 08:47:27',NULL),(1263,'2019-09-06 08:47:28',NULL),(1264,'2019-09-06 08:47:31',NULL),(1265,'2019-09-06 08:47:33',NULL),(1266,'2019-09-06 08:47:39',NULL),(1267,'2019-09-06 08:47:42',NULL),(1268,'2019-09-06 08:47:45',NULL),(1269,'2019-09-06 08:47:48',NULL),(1270,'2019-09-06 08:47:49',NULL),(1271,'2019-09-06 08:47:54',NULL),(1272,'2019-09-06 08:47:55',NULL),(1273,'2019-09-06 08:47:57',NULL),(1274,'2019-09-06 08:48:02',NULL),(1275,'2019-09-06 08:48:04',NULL),(1276,'2019-09-06 08:48:05',NULL),(1277,'2019-09-06 08:48:09',NULL),(1278,'2019-09-06 08:48:10',NULL),(1279,'2019-09-06 08:48:12',NULL),(1280,'2019-09-06 08:48:16',NULL),(1281,'2019-09-06 08:48:18',NULL),(1282,'2019-09-06 08:48:19',NULL),(1283,'2019-09-06 08:48:24',NULL),(1284,'2019-09-06 08:48:28',NULL),(1285,'2019-09-06 08:48:28',NULL),(1286,'2019-09-06 08:48:31',NULL),(1287,'2019-09-06 08:48:36',NULL),(1288,'2019-09-06 08:48:40',NULL),(1289,'2019-09-06 08:48:40',NULL),(1290,'2019-09-06 08:48:46',NULL),(1291,'2019-09-06 08:48:56',NULL),(1292,'2019-09-06 08:49:12',NULL),(1293,'2019-09-06 08:49:29',NULL),(1294,'2019-09-06 08:49:38',NULL),(1295,'2019-09-06 08:49:39',NULL),(1296,'2019-09-06 08:49:50',NULL),(1297,'2019-09-06 08:49:50',NULL),(1298,'2019-09-06 08:50:01',NULL),(1299,'2019-09-06 08:50:03',NULL),(1300,'2019-09-06 08:50:11',NULL),(1301,'2019-09-06 08:50:14',NULL),(1302,'2019-09-06 08:50:20',NULL),(1303,'2019-09-06 08:50:25',NULL),(1304,'2019-09-06 08:50:27',NULL),(1305,'2019-09-06 08:50:31',NULL),(1306,'2019-09-06 08:50:33',NULL),(1307,'2019-09-06 08:50:34',NULL),(1308,'2019-09-06 08:52:35',NULL),(1309,'2019-09-06 08:54:40',NULL),(1310,'2019-09-06 09:32:23',NULL),(1311,'2019-09-06 09:33:49',NULL),(1312,'2019-09-06 09:34:06',NULL),(1313,'2019-09-06 09:36:04',NULL),(1314,'2019-09-06 09:39:39',NULL),(1315,'2019-09-06 09:46:01',NULL),(1316,'2019-09-06 09:46:05',NULL),(1317,'2019-09-06 09:46:16',NULL),(1318,'2019-09-06 09:46:16',NULL),(1319,'2019-09-06 09:46:24',NULL),(1320,'2019-09-06 09:46:26',NULL),(1321,'2019-09-06 09:46:26',NULL),(1322,'2019-09-06 09:46:27',NULL),(1323,'2019-09-06 09:46:29',NULL),(1324,'2019-09-06 09:46:31',NULL),(1325,'2019-09-06 09:46:31',NULL),(1326,'2019-09-06 09:46:41',NULL),(1327,'2019-09-06 09:46:42',NULL),(1328,'2019-09-06 09:51:16',NULL),(1329,'2019-09-06 10:00:18',NULL),(1330,'2019-09-06 10:03:21',NULL),(1331,'2019-09-06 10:03:41',NULL),(1332,'2019-09-06 10:04:19',NULL),(1333,'2019-09-06 10:04:58',NULL),(1334,'2019-09-06 10:23:50',NULL),(1335,'2019-09-06 10:29:28',NULL),(1336,'2019-09-06 10:42:31',NULL),(1337,'2019-09-06 10:45:08',NULL),(1338,'2019-09-06 10:45:40',NULL),(1339,'2019-09-06 10:45:59',NULL),(1340,'2019-09-06 10:49:48',NULL),(1341,'2019-09-06 10:53:07',NULL),(1342,'2019-09-06 10:53:42',NULL),(1343,'2019-09-06 11:05:11',NULL),(1344,'2019-09-06 11:11:12',NULL),(1345,'2019-09-06 11:21:16',NULL),(1346,'2019-09-06 11:23:15',NULL),(1347,'2019-09-06 11:25:57',NULL),(1348,'2019-09-06 11:33:11',NULL),(1349,'2019-09-06 11:35:32',NULL),(1350,'2019-09-06 11:38:42',NULL),(1351,'2019-09-06 11:39:59',NULL),(1352,'2019-09-06 11:40:04',NULL),(1353,'2019-09-06 11:43:15',NULL),(1354,'2019-09-06 11:45:00',NULL),(1355,'2019-09-06 11:46:00',NULL),(1356,'2019-09-06 11:56:13',NULL),(1357,'2019-09-06 12:18:26',NULL),(1358,'2019-09-06 12:20:59',NULL),(1359,'2019-09-06 12:21:49',NULL),(1360,'2019-09-06 12:24:46',NULL),(1361,'2019-09-06 12:35:21',NULL),(1362,'2019-09-06 12:41:36',NULL),(1363,'2019-09-06 12:47:53',NULL),(1364,'2019-09-06 12:48:42',NULL),(1365,'2019-09-06 13:00:15',NULL),(1366,'2019-09-06 13:12:25',NULL),(1367,'2019-09-06 13:14:46',NULL),(1368,'2019-09-06 13:17:05',NULL),(1369,'2019-09-06 14:03:06',NULL),(1370,'2019-09-06 14:04:15',NULL),(1371,'2019-09-06 14:04:25',NULL),(1372,'2019-09-06 14:04:25',NULL),(1373,'2019-09-06 14:05:27',NULL),(1374,'2019-09-06 14:05:31',NULL),(1375,'2019-09-06 14:05:59',NULL),(1376,'2019-09-06 14:07:33',NULL),(1377,'2019-09-06 14:07:54',NULL),(1378,'2019-09-06 14:09:19',NULL),(1379,'2019-09-06 14:10:04',NULL),(1380,'2019-09-06 14:13:41',NULL),(1381,'2019-09-06 14:16:14',NULL),(1382,'2019-09-06 14:19:50',NULL),(1383,'2019-09-06 14:47:41',NULL),(1384,'2019-09-06 14:47:43',NULL),(1385,'2019-09-06 14:47:45',NULL),(1386,'2019-09-06 14:48:11',NULL),(1387,'2019-09-06 14:48:15',NULL),(1388,'2019-09-06 15:21:08',NULL),(1389,'2019-09-06 15:21:15',NULL),(1390,'2019-09-06 15:23:17',NULL),(1391,'2019-09-06 15:24:05',NULL),(1392,'2019-09-06 15:29:26',NULL),(1393,'2019-09-06 15:30:37',NULL),(1394,'2019-09-06 15:38:06',NULL),(1395,'2019-09-06 15:40:03',NULL),(1396,'2019-09-06 15:42:12',NULL),(1397,'2019-09-06 15:56:06',NULL),(1398,'2019-09-06 15:58:27',NULL),(1399,'2019-09-06 16:24:01',NULL),(1400,'2019-09-06 16:25:18',NULL),(1401,'2019-09-06 16:25:53',NULL),(1402,'2019-09-06 16:27:13',NULL),(1403,'2019-09-06 16:27:24',NULL),(1404,'2019-09-06 16:29:08',NULL),(1405,'2019-09-06 16:35:38',NULL),(1406,'2019-09-06 16:40:32',NULL),(1407,'2019-09-06 16:41:01',NULL),(1408,'2019-09-06 16:43:14',NULL),(1409,'2019-09-06 16:44:59',NULL),(1410,'2019-09-06 16:45:03',NULL),(1411,'2019-09-06 16:45:28',NULL),(1412,'2019-09-06 16:59:47',NULL),(1413,'2019-09-06 17:00:43',NULL),(1414,'2019-09-06 17:01:16',NULL),(1415,'2019-09-06 18:27:38',NULL),(1416,'2019-09-06 18:41:47',NULL),(1417,'2019-09-06 18:41:48',NULL),(1418,'2019-09-06 18:42:28',NULL),(1419,'2019-09-06 18:45:15',NULL),(1420,'2019-09-06 18:46:13',NULL),(1421,'2019-09-06 18:46:14',NULL),(1422,'2019-09-06 18:47:35',NULL),(1423,'2019-09-06 18:49:02',NULL),(1424,'2019-09-06 18:49:03',NULL),(1425,'2019-09-06 18:51:32',NULL),(1426,'2019-09-06 18:53:23',NULL),(1427,'2019-09-06 18:53:44',NULL),(1428,'2019-09-06 18:54:16',NULL),(1429,'2019-09-06 18:54:23',NULL),(1430,'2019-09-06 18:54:37',NULL),(1431,'2019-09-06 18:55:12',NULL),(1432,'2019-09-06 18:59:50',NULL),(1433,'2019-09-06 19:16:46',NULL),(1434,'2019-09-06 19:20:49',NULL),(1435,'2019-09-06 19:23:12',NULL),(1436,'2019-09-06 19:28:49',NULL),(1437,'2019-09-06 19:42:08',NULL),(1438,'2019-09-06 20:04:51',NULL),(1439,'2019-09-06 20:05:58',NULL),(1440,'2019-09-06 20:08:26',NULL),(1441,'2019-09-06 20:08:50',NULL),(1442,'2019-09-06 20:13:19',NULL),(1443,'2019-09-06 20:16:04',NULL),(1444,'2019-09-06 20:17:18',NULL),(1445,'2019-09-06 20:38:42',NULL),(1446,'2019-09-06 20:40:47',NULL),(1447,'2019-09-06 20:54:49',NULL),(1448,'2019-09-06 21:01:56',NULL),(1449,'2019-09-06 21:03:59',NULL),(1450,'2019-09-06 21:06:01',NULL),(1451,'2019-09-06 21:06:24',NULL),(1452,'2019-09-06 21:10:29',NULL),(1453,'2019-09-06 21:10:38',NULL),(1454,'2019-09-06 21:12:41',NULL),(1455,'2019-09-06 21:15:52',NULL),(1456,'2019-09-06 21:16:37',NULL),(1457,'2019-09-06 21:29:42',NULL),(1458,'2019-09-06 21:29:44',NULL),(1459,'2019-09-06 21:38:39',NULL),(1460,'2019-09-06 22:30:38',NULL),(1461,'2019-09-06 22:44:06',NULL),(1462,'2019-09-06 23:01:38',NULL),(1463,'2019-09-07 02:02:54',NULL),(1464,'2019-09-07 02:04:07',NULL),(1465,'2019-09-07 07:01:17',NULL),(1466,'2019-09-07 07:29:06',NULL),(1467,'2019-09-07 07:35:06',NULL),(1468,'2019-09-07 07:36:54',NULL),(1469,'2019-09-07 07:51:41',NULL),(1470,'2019-09-07 08:00:59',NULL),(1471,'2019-09-07 08:21:07',NULL),(1472,'2019-09-07 08:41:46',NULL),(1473,'2019-09-07 09:15:38',NULL),(1474,'2019-09-07 09:15:38',NULL),(1475,'2019-09-07 09:16:37',NULL),(1476,'2019-09-07 09:19:21',NULL),(1477,'2019-09-07 09:19:50',NULL),(1478,'2019-09-07 09:40:30',NULL),(1479,'2019-09-07 09:43:45',NULL),(1480,'2019-09-07 09:53:11',NULL),(1481,'2019-09-07 10:18:08',NULL),(1482,'2019-09-07 10:49:24',NULL),(1483,'2019-09-07 10:49:42',NULL),(1484,'2019-09-07 10:49:52',NULL),(1485,'2019-09-07 11:04:29',NULL),(1486,'2019-09-07 11:10:20',NULL),(1487,'2019-09-07 11:10:21',NULL),(1488,'2019-09-07 11:10:31',NULL),(1489,'2019-09-07 11:11:27',NULL),(1490,'2019-09-07 11:36:50',NULL),(1491,'2019-09-07 11:42:09',NULL),(1492,'2019-09-07 11:42:10',NULL),(1493,'2019-09-07 11:42:10',NULL),(1494,'2019-09-07 13:02:50',NULL),(1495,'2019-09-07 13:06:04',NULL),(1496,'2019-09-07 13:06:27',NULL),(1497,'2019-09-07 13:20:02',NULL),(1498,'2019-09-07 14:42:13',NULL),(1499,'2019-09-07 14:49:55',NULL),(1500,'2019-09-07 15:14:15',NULL),(1501,'2019-09-07 15:24:27',NULL),(1502,'2019-09-07 15:29:12',NULL),(1503,'2019-09-07 15:50:03',NULL),(1504,'2019-09-07 15:50:06',NULL),(1505,'2019-09-07 15:50:07',NULL),(1506,'2019-09-07 15:50:30',NULL),(1507,'2019-09-07 15:50:34',NULL),(1508,'2019-09-07 16:12:37',NULL),(1509,'2019-09-07 16:18:59',NULL),(1510,'2019-09-07 16:25:59',NULL),(1511,'2019-09-07 17:20:47',NULL),(1512,'2019-09-07 17:30:37',NULL),(1513,'2019-09-07 18:44:41',NULL),(1514,'2019-09-07 18:49:56',NULL),(1515,'2019-09-07 18:51:29',NULL),(1516,'2019-09-07 19:16:02',NULL),(1517,'2019-09-07 19:27:02',NULL),(1518,'2019-09-07 19:41:48',NULL),(1519,'2019-09-07 20:46:47',NULL),(1520,'2019-09-07 21:54:41',NULL),(1521,'2019-09-07 22:19:34',NULL),(1522,'2019-09-07 22:22:04',NULL),(1523,'2019-09-07 22:33:36',NULL),(1524,'2019-09-07 22:35:55',NULL),(1525,'2019-09-07 22:53:25',NULL),(1526,'2019-09-08 00:51:33',NULL),(1527,'2019-09-08 04:08:17',NULL),(1528,'2019-09-08 04:09:22',NULL),(1529,'2019-09-08 04:10:33',NULL),(1530,'2019-09-08 04:10:37',NULL),(1531,'2019-09-08 04:13:10',NULL),(1532,'2019-09-08 04:19:01',NULL),(1533,'2019-09-08 04:19:59',NULL),(1534,'2019-09-08 04:22:00',NULL),(1535,'2019-09-08 04:23:19',NULL),(1536,'2019-09-08 04:25:18',NULL),(1537,'2019-09-08 04:26:33',NULL),(1538,'2019-09-08 04:45:31',NULL),(1539,'2019-09-08 04:45:31',NULL),(1540,'2019-09-08 04:45:31',NULL),(1541,'2019-09-08 04:45:31',NULL),(1542,'2019-09-08 04:45:50',NULL),(1543,'2019-09-08 05:15:31',NULL),(1544,'2019-09-08 05:25:23',NULL),(1545,'2019-09-08 05:44:18',NULL),(1546,'2019-09-08 05:56:54',NULL),(1547,'2019-09-08 05:57:08',NULL),(1548,'2019-09-08 05:57:13',NULL),(1549,'2019-09-08 06:32:48',NULL),(1550,'2019-09-08 07:39:53',NULL),(1551,'2019-09-08 07:48:56',NULL),(1552,'2019-09-08 07:58:58',NULL),(1553,'2019-09-08 08:34:35',NULL),(1554,'2019-09-08 08:35:33',NULL),(1555,'2019-09-08 09:20:54',NULL),(1556,'2019-09-08 09:22:43',NULL),(1557,'2019-09-08 09:22:48',NULL),(1558,'2019-09-08 09:23:46',NULL),(1559,'2019-09-08 09:23:50',NULL),(1560,'2019-09-08 09:27:48',NULL),(1561,'2019-09-08 09:27:53',NULL),(1562,'2019-09-08 09:36:23',NULL),(1563,'2019-09-08 09:37:53',NULL),(1564,'2019-09-08 09:38:14',NULL),(1565,'2019-09-08 09:39:59',NULL),(1566,'2019-09-08 09:42:43',NULL),(1567,'2019-09-08 09:42:52',NULL),(1568,'2019-09-08 09:47:55',NULL),(1569,'2019-09-08 09:49:49',NULL),(1570,'2019-09-08 09:52:30',NULL),(1571,'2019-09-08 09:53:19',NULL),(1572,'2019-09-08 09:53:46',NULL),(1573,'2019-09-08 09:54:00',NULL),(1574,'2019-09-08 09:54:18',NULL),(1575,'2019-09-08 09:54:31',NULL),(1576,'2019-09-08 09:56:04',NULL),(1577,'2019-09-08 10:12:29',NULL),(1578,'2019-09-08 10:13:20',NULL),(1579,'2019-09-08 10:13:52',NULL),(1580,'2019-09-08 10:15:01',NULL),(1581,'2019-09-08 10:24:01',NULL),(1582,'2019-09-08 10:24:47',NULL),(1583,'2019-09-08 10:24:54',NULL),(1584,'2019-09-08 10:58:48',NULL),(1585,'2019-09-08 11:03:26',NULL),(1586,'2019-09-08 11:04:02',NULL),(1587,'2019-09-08 11:05:24',NULL),(1588,'2019-09-08 11:44:28',NULL),(1589,'2019-09-08 11:52:47',NULL),(1590,'2019-09-08 11:55:06',NULL),(1591,'2019-09-08 12:00:22',NULL),(1592,'2019-09-08 12:00:27',NULL),(1593,'2019-09-08 12:03:13',NULL),(1594,'2019-09-08 12:03:16',NULL),(1595,'2019-09-08 12:04:40',NULL),(1596,'2019-09-08 12:04:44',NULL),(1597,'2019-09-08 12:05:10',NULL),(1598,'2019-09-08 12:06:58',NULL),(1599,'2019-09-08 12:08:14',NULL),(1600,'2019-09-08 12:08:19',NULL),(1601,'2019-09-08 12:11:51',NULL),(1602,'2019-09-08 12:30:10',NULL),(1603,'2019-09-08 13:26:24',NULL),(1604,'2019-09-08 13:33:43',NULL),(1605,'2019-09-08 14:01:56',NULL),(1606,'2019-09-08 14:23:02',NULL),(1607,'2019-09-08 14:23:02',NULL),(1608,'2019-09-08 14:30:30',NULL),(1609,'2019-09-08 14:41:04',NULL),(1610,'2019-09-08 14:51:43',NULL),(1611,'2019-09-08 15:54:45',NULL),(1612,'2019-09-08 15:54:47',NULL),(1613,'2019-09-08 15:54:49',NULL),(1614,'2019-09-08 15:55:11',NULL),(1615,'2019-09-08 15:55:16',NULL),(1616,'2019-09-08 16:55:36',NULL),(1617,'2019-09-08 16:56:30',NULL),(1618,'2019-09-08 18:14:25',NULL),(1619,'2019-09-08 20:09:43',NULL),(1620,'2019-09-08 20:36:13',NULL),(1621,'2019-09-08 20:36:13',NULL),(1622,'2019-09-08 21:28:49',NULL),(1623,'2019-09-08 21:30:06',NULL),(1624,'2019-09-08 21:30:28',NULL),(1625,'2019-09-08 21:30:36',NULL),(1626,'2019-09-08 21:30:55',NULL),(1627,'2019-09-08 21:31:09',NULL),(1628,'2019-09-08 21:31:52',NULL),(1629,'2019-09-08 21:32:34',NULL),(1630,'2019-09-08 21:33:39',NULL),(1631,'2019-09-08 21:33:40',NULL),(1632,'2019-09-08 21:38:49',NULL),(1633,'2019-09-08 21:39:13',NULL),(1634,'2019-09-08 21:41:42',NULL),(1635,'2019-09-08 21:43:35',NULL),(1636,'2019-09-08 21:43:36',NULL),(1637,'2019-09-08 21:47:35',NULL),(1638,'2019-09-08 21:48:14',NULL),(1639,'2019-09-08 22:01:34',NULL),(1640,'2019-09-08 22:02:04',NULL),(1641,'2019-09-09 01:02:08',NULL),(1642,'2019-09-09 01:13:03',NULL),(1643,'2019-09-09 06:33:00',NULL),(1644,'2019-09-09 06:33:41',NULL),(1645,'2019-09-09 06:33:41',NULL),(1646,'2019-09-09 06:33:41',NULL),(1647,'2019-09-09 06:33:41',NULL),(1648,'2019-09-09 06:33:41',NULL),(1649,'2019-09-09 06:33:42',NULL),(1650,'2019-09-09 06:33:42',NULL),(1651,'2019-09-09 06:33:42',NULL),(1652,'2019-09-09 06:33:42',NULL),(1653,'2019-09-09 06:33:43',NULL),(1654,'2019-09-09 06:33:43',NULL),(1655,'2019-09-09 06:33:43',NULL),(1656,'2019-09-09 06:37:28',NULL),(1657,'2019-09-09 06:59:49',NULL),(1658,'2019-09-09 07:47:12',NULL),(1659,'2019-09-09 07:53:59',NULL),(1660,'2019-09-09 08:14:36',NULL),(1661,'2019-09-09 08:14:37',NULL),(1662,'2019-09-09 08:51:43',NULL),(1663,'2019-09-09 08:56:23',NULL),(1664,'2019-09-09 08:58:23',NULL),(1665,'2019-09-09 08:58:36',NULL),(1666,'2019-09-09 09:09:44',NULL),(1667,'2019-09-09 09:11:14',NULL),(1668,'2019-09-09 09:32:34',NULL),(1669,'2019-09-09 09:33:22',NULL),(1670,'2019-09-09 09:35:12',NULL),(1671,'2019-09-09 09:35:19',NULL),(1672,'2019-09-09 09:35:29',NULL),(1673,'2019-09-09 09:39:01',NULL),(1674,'2019-09-09 09:39:01',NULL),(1675,'2019-09-09 09:46:02',NULL),(1676,'2019-09-09 09:49:59',NULL),(1677,'2019-09-09 09:50:49',NULL),(1678,'2019-09-09 09:50:54',NULL),(1679,'2019-09-09 09:52:04',NULL),(1680,'2019-09-09 09:52:39',NULL),(1681,'2019-09-09 10:10:23',NULL),(1682,'2019-09-09 10:10:23',NULL),(1683,'2019-09-09 10:16:24',NULL),(1684,'2019-09-09 10:19:58',NULL),(1685,'2019-09-09 10:41:27',NULL),(1686,'2019-09-09 10:44:15',NULL),(1687,'2019-09-09 10:44:52',NULL),(1688,'2019-09-09 10:45:29',NULL),(1689,'2019-09-09 10:45:56',NULL),(1690,'2019-09-09 11:01:14',NULL),(1691,'2019-09-09 11:03:46',NULL),(1692,'2019-09-09 11:03:46',NULL),(1693,'2019-09-09 11:04:04',NULL),(1694,'2019-09-09 11:16:31',NULL),(1695,'2019-09-09 11:26:47',NULL),(1696,'2019-09-09 11:27:24',NULL),(1697,'2019-09-09 11:27:48',NULL),(1698,'2019-09-09 11:28:19',NULL),(1699,'2019-09-09 11:29:51',NULL),(1700,'2019-09-09 11:30:20',NULL),(1701,'2019-09-09 11:31:14',NULL),(1702,'2019-09-09 11:31:39',NULL),(1703,'2019-09-09 11:53:24',NULL),(1704,'2019-09-09 11:57:49',NULL),(1705,'2019-09-09 12:47:02',NULL),(1706,'2019-09-09 12:52:10',NULL),(1707,'2019-09-09 13:01:09',NULL),(1708,'2019-09-09 13:29:03',NULL),(1709,'2019-09-09 13:30:17',NULL),(1710,'2019-09-09 13:56:22',NULL),(1711,'2019-09-09 13:58:22',NULL),(1712,'2019-09-09 14:22:21',NULL),(1713,'2019-09-09 14:24:57',NULL),(1714,'2019-09-09 14:27:31',NULL),(1715,'2019-09-09 14:28:37',NULL),(1716,'2019-09-09 14:29:27',NULL),(1717,'2019-09-09 14:30:31',NULL),(1718,'2019-09-09 14:30:35',NULL),(1719,'2019-09-09 15:12:04',NULL),(1720,'2019-09-09 15:18:25',NULL),(1721,'2019-09-09 15:22:21',NULL),(1722,'2019-09-09 15:22:23',NULL),(1723,'2019-09-09 15:22:25',NULL),(1724,'2019-09-09 15:22:48',NULL),(1725,'2019-09-09 15:22:51',NULL),(1726,'2019-09-09 15:22:53',NULL),(1727,'2019-09-09 16:45:18',NULL),(1728,'2019-09-09 16:48:59',NULL),(1729,'2019-09-09 16:55:29',NULL),(1730,'2019-09-09 16:55:45',NULL),(1731,'2019-09-09 16:56:14',NULL),(1732,'2019-09-09 16:56:29',NULL),(1733,'2019-09-09 16:56:30',NULL),(1734,'2019-09-09 16:57:27',NULL),(1735,'2019-09-09 17:25:02',NULL),(1736,'2019-09-09 17:38:08',NULL),(1737,'2019-09-09 18:04:38',NULL),(1738,'2019-09-09 18:28:04',NULL),(1739,'2019-09-09 19:28:08',NULL),(1740,'2019-09-09 19:29:57',NULL),(1741,'2019-09-09 19:56:48',NULL),(1742,'2019-09-09 19:57:29',NULL),(1743,'2019-09-09 19:57:46',NULL),(1744,'2019-09-09 21:15:32',NULL),(1745,'2019-09-09 21:15:57',NULL),(1746,'2019-09-09 21:16:55',NULL),(1747,'2019-09-09 21:17:50',NULL),(1748,'2019-09-09 21:17:50',NULL),(1749,'2019-09-09 21:18:38',NULL),(1750,'2019-09-10 09:03:37',NULL),(1751,'2019-10-02 06:33:25',NULL),(1752,'2019-10-02 19:56:47',NULL);

/*Table structure for table `t_order_generate` */

DROP TABLE IF EXISTS `t_order_generate`;

CREATE TABLE `t_order_generate` (
  `id_order_generate` int(10) NOT NULL AUTO_INCREMENT,
  `og_order_no` varchar(100) DEFAULT NULL,
  `og_amount` varchar(100) DEFAULT NULL,
  `og_status` varchar(100) DEFAULT NULL,
  `og_generate_file` varchar(255) DEFAULT NULL,
  `og_generate_url` text,
  `created_at` datetime DEFAULT NULL,
  `updated_at` datetime DEFAULT NULL,
  PRIMARY KEY (`id_order_generate`)
) ENGINE=InnoDB DEFAULT CHARSET=latin1;

/*Data for the table `t_order_generate` */

/*Table structure for table `t_order_items` */

DROP TABLE IF EXISTS `t_order_items`;

CREATE TABLE `t_order_items` (
  `id_order_items` int(10) NOT NULL AUTO_INCREMENT,
  `id_orders` int(10) NOT NULL,
  `oi_nama` varchar(100) DEFAULT NULL,
  `oi_merk` varchar(100) DEFAULT NULL,
  `oi_type` varchar(100) DEFAULT NULL,
  `oi_warna` varchar(100) DEFAULT NULL,
  `oi_unit` varchar(100) DEFAULT NULL,
  `oi_uang_muka` varchar(100) DEFAULT NULL,
  `oi_cicilan` varchar(100) DEFAULT NULL,
  `oi_tempo` varchar(100) DEFAULT NULL,
  `oi_total` varchar(100) DEFAULT NULL,
  `created_at` datetime DEFAULT NULL,
  `updated_at` datetime DEFAULT NULL,
  PRIMARY KEY (`id_order_items`)
) ENGINE=InnoDB AUTO_INCREMENT=5 DEFAULT CHARSET=latin1;

/*Data for the table `t_order_items` */

insert  into `t_order_items`(`id_order_items`,`id_orders`,`oi_nama`,`oi_merk`,`oi_type`,`oi_warna`,`oi_unit`,`oi_uang_muka`,`oi_cicilan`,`oi_tempo`,`oi_total`,`created_at`,`updated_at`) values (3,2,'AC','Polytron','B3453',NULL,'1','','','','400','2019-09-22 15:40:28',NULL),(4,2,'Kamera','Sony','C234',NULL,'1','','','','300','2019-09-22 15:40:28',NULL);

/*Table structure for table `t_order_receiver` */

DROP TABLE IF EXISTS `t_order_receiver`;

CREATE TABLE `t_order_receiver` (
  `id_order_receiver` int(10) NOT NULL AUTO_INCREMENT,
  `or_nama` varchar(100) DEFAULT NULL,
  `or_no_id` varchar(100) DEFAULT NULL,
  `or_hubungan` varchar(100) DEFAULT NULL,
  `or_alamat_negara` varchar(100) DEFAULT NULL,
  `or_alamat_detail` text,
  `or_hp` varchar(100) DEFAULT NULL,
  `or_hp_keluarga` varchar(100) DEFAULT NULL,
  `created_at` datetime DEFAULT NULL,
  `updated_at` datetime DEFAULT NULL,
  PRIMARY KEY (`id_order_receiver`)
) ENGINE=InnoDB AUTO_INCREMENT=3 DEFAULT CHARSET=latin1;

/*Data for the table `t_order_receiver` */

insert  into `t_order_receiver`(`id_order_receiver`,`or_nama`,`or_no_id`,`or_hubungan`,`or_alamat_negara`,`or_alamat_detail`,`or_hp`,`or_hp_keluarga`,`created_at`,`updated_at`) values (2,'Rozhanah','3492098099','Orang Tua','Singapore','Jl. Singapore','30478209809','40238429899','2019-09-22 15:40:28',NULL);

/*Table structure for table `t_order_sign` */

DROP TABLE IF EXISTS `t_order_sign`;

CREATE TABLE `t_order_sign` (
  `id_order_sign` int(10) NOT NULL AUTO_INCREMENT,
  `id_user_member` int(10) DEFAULT NULL,
  `file_sign_member` varchar(255) DEFAULT NULL,
  `id_user_marketing` int(10) DEFAULT NULL,
  `file_sign_marketing` varchar(255) DEFAULT NULL,
  `id_user_manager` int(10) DEFAULT NULL,
  `file_sign_manager` varchar(255) DEFAULT NULL,
  `created_at` datetime DEFAULT NULL,
  `updated_at` datetime DEFAULT NULL,
  PRIMARY KEY (`id_order_sign`)
) ENGINE=InnoDB AUTO_INCREMENT=4 DEFAULT CHARSET=latin1;

/*Data for the table `t_order_sign` */

insert  into `t_order_sign`(`id_order_sign`,`id_user_member`,`file_sign_member`,`id_user_marketing`,`file_sign_marketing`,`id_user_manager`,`file_sign_manager`,`created_at`,`updated_at`) values (3,2,'assets/images/signatures/signature-190924083944.png',NULL,NULL,NULL,NULL,'2019-09-24 08:39:44',NULL);

/*Table structure for table `t_order_tng` */

DROP TABLE IF EXISTS `t_order_tng`;

CREATE TABLE `t_order_tng` (
  `id_order_tng` int(10) NOT NULL AUTO_INCREMENT,
  `order_no` varchar(255) DEFAULT NULL,
  `ksm_no_id` varchar(255) DEFAULT NULL,
  `ksm_nama` varchar(255) DEFAULT NULL,
  `ksm_photo_id` varchar(255) DEFAULT NULL,
  `tng_tx_no` varchar(255) DEFAULT NULL,
  `tng_amount` varchar(255) DEFAULT NULL,
  `tng_qrcode_photo` varchar(255) DEFAULT NULL,
  `tng_qrcode_url` text,
  `tng_status` varchar(50) DEFAULT NULL,
  `id_users` int(10) DEFAULT NULL,
  `created_at` datetime DEFAULT NULL,
  `updated_at` datetime DEFAULT NULL,
  PRIMARY KEY (`id_order_tng`)
) ENGINE=InnoDB DEFAULT CHARSET=latin1;

/*Data for the table `t_order_tng` */

/*Table structure for table `t_orders` */

DROP TABLE IF EXISTS `t_orders`;

CREATE TABLE `t_orders` (
  `id_orders` int(10) NOT NULL AUTO_INCREMENT,
  `no_order` varchar(100) DEFAULT NULL,
  `no_order_generate` varchar(100) DEFAULT NULL,
  `id_order_status` int(10) DEFAULT NULL,
  `id_members` int(10) DEFAULT NULL,
  `id_order_receiver` int(10) DEFAULT NULL,
  `id_order_sign` int(10) DEFAULT NULL,
  `id_order_generate` int(10) DEFAULT NULL,
  `id_user_marketing` int(10) DEFAULT NULL,
  `biaya_order` varchar(100) DEFAULT NULL,
  `created_at` datetime DEFAULT NULL,
  `updated_at` datetime DEFAULT NULL,
  PRIMARY KEY (`id_orders`)
) ENGINE=InnoDB AUTO_INCREMENT=3 DEFAULT CHARSET=latin1;

/*Data for the table `t_orders` */

insert  into `t_orders`(`id_orders`,`no_order`,`no_order_generate`,`id_order_status`,`id_members`,`id_order_receiver`,`id_order_sign`,`id_order_generate`,`id_user_marketing`,`biaya_order`,`created_at`,`updated_at`) values (2,'TW190922154028','248c332d852877fa63542c0c0097d819',2,2,2,3,NULL,6,NULL,'2019-09-22 15:40:28','2019-09-24 08:39:44');

/*Table structure for table `t_ref_order_status` */

DROP TABLE IF EXISTS `t_ref_order_status`;

CREATE TABLE `t_ref_order_status` (
  `id_order_status` int(10) NOT NULL AUTO_INCREMENT,
  `os_name` varchar(100) DEFAULT NULL,
  `created_at` datetime DEFAULT NULL,
  `updated_at` datetime DEFAULT NULL,
  PRIMARY KEY (`id_order_status`)
) ENGINE=InnoDB AUTO_INCREMENT=9 DEFAULT CHARSET=latin1;

/*Data for the table `t_ref_order_status` */

insert  into `t_ref_order_status`(`id_order_status`,`os_name`,`created_at`,`updated_at`) values (1,'Menunggu persetujuan konsumen',NULL,NULL),(2,'Menunggu persetujuan marketing',NULL,NULL),(3,'Menunggu persetujuan manager',NULL,NULL),(4,'Proses pembayaran',NULL,NULL),(5,'Pembayaran PENDING',NULL,NULL),(6,'Pembayaran SUKSES',NULL,NULL),(7,'Pembayaran GAGAL',NULL,NULL),(8,'Order dibatalkan',NULL,NULL);

/*Table structure for table `u_contact_official` */

DROP TABLE IF EXISTS `u_contact_official`;

CREATE TABLE `u_contact_official` (
  `id_contact_official` int(10) NOT NULL AUTO_INCREMENT,
  `contact_person` varchar(100) DEFAULT NULL,
  `email` varchar(100) DEFAULT NULL,
  `address` text,
  `country_name` varchar(100) DEFAULT NULL,
  `country_code` varchar(100) DEFAULT NULL,
  `country_kurs` varchar(100) DEFAULT NULL,
  `created_at` datetime DEFAULT NULL,
  `updated_at` datetime DEFAULT NULL,
  PRIMARY KEY (`id_contact_official`)
) ENGINE=InnoDB AUTO_INCREMENT=2 DEFAULT CHARSET=latin1;

/*Data for the table `u_contact_official` */

insert  into `u_contact_official`(`id_contact_official`,`contact_person`,`email`,`address`,`country_name`,`country_code`,`country_kurs`,`created_at`,`updated_at`) values (1,'85257039400','info@arafah.tw','No. 1 Great George Street, Island Centre Building, Lantai 12, Unit 5, <br> Causeway Bay - Hongkong <br><b>(Depan Sogo, Exit E MTR Causeway Bay)</b>','Taiwan','tw','NTD',NULL,NULL);

/*Table structure for table `u_members` */

DROP TABLE IF EXISTS `u_members`;

CREATE TABLE `u_members` (
  `id_members` int(10) NOT NULL AUTO_INCREMENT,
  `no_member` varchar(100) DEFAULT NULL,
  `m_nama` varchar(100) DEFAULT NULL,
  `m_ttl` varchar(100) DEFAULT NULL,
  `m_status_nikah` varchar(100) DEFAULT NULL,
  `m_alamat_indo` text,
  `m_nama_ayah` varchar(100) DEFAULT NULL,
  `m_nama_ibu` varchar(100) DEFAULT NULL,
  `m_hp_indo` varchar(100) DEFAULT NULL,
  `m_hp_luar` varchar(100) DEFAULT NULL,
  `m_status_rumah` varchar(100) DEFAULT NULL,
  `m_pekerjaan` varchar(100) DEFAULT NULL,
  `m_pekerjaan_no_id_luar` varchar(100) DEFAULT NULL,
  `m_pekerjaan_masa_berlaku` varchar(100) DEFAULT NULL,
  `m_pekerjaan_alamat` text,
  `m_pekerjaan_teman_nama` varchar(100) DEFAULT NULL,
  `m_pekerjaan_teman_hp` varchar(100) DEFAULT NULL,
  `m_medsos_line` varchar(100) DEFAULT NULL,
  `m_medsos_fb` varchar(100) DEFAULT NULL,
  `m_medsos_ig` varchar(100) DEFAULT NULL,
  `m_medsos_wa` varchar(100) DEFAULT NULL,
  `m_file_id_card` varchar(255) DEFAULT NULL,
  `m_file_selfie` varchar(255) DEFAULT NULL,
  `m_selfie_pilihan` varchar(100) DEFAULT NULL,
  `m_file_lain` varchar(255) DEFAULT NULL,
  `created_at` datetime DEFAULT NULL,
  `updated_at` datetime DEFAULT NULL,
  PRIMARY KEY (`id_members`)
) ENGINE=InnoDB AUTO_INCREMENT=3 DEFAULT CHARSET=latin1;

/*Data for the table `u_members` */

insert  into `u_members`(`id_members`,`no_member`,`m_nama`,`m_ttl`,`m_status_nikah`,`m_alamat_indo`,`m_nama_ayah`,`m_nama_ibu`,`m_hp_indo`,`m_hp_luar`,`m_status_rumah`,`m_pekerjaan`,`m_pekerjaan_no_id_luar`,`m_pekerjaan_masa_berlaku`,`m_pekerjaan_alamat`,`m_pekerjaan_teman_nama`,`m_pekerjaan_teman_hp`,`m_medsos_line`,`m_medsos_fb`,`m_medsos_ig`,`m_medsos_wa`,`m_file_id_card`,`m_file_selfie`,`m_selfie_pilihan`,`m_file_lain`,`created_at`,`updated_at`) values (2,'W190922154028TW','Afifah','Kdr, 17 April 1994','Belum Nikah','Jl. Indonesia','Ayah','Bunda','23948792349','345830983','Pribadi','Lain-lain','3020942098','Tetap','Jl. Tetap','Maula','3459809834','','','@afifahfr','349739270980','assets/images/members/member-190922154028-0.jpg','assets/images/members/member-190922154028-01.jpg','telunjuk','assets/images/members/member-190922154028-02.png','2019-09-22 15:40:28',NULL);

/*Table structure for table `u_role` */

DROP TABLE IF EXISTS `u_role`;

CREATE TABLE `u_role` (
  `id_role` int(10) NOT NULL AUTO_INCREMENT,
  `name_role` varchar(255) DEFAULT NULL,
  `created_at` datetime DEFAULT NULL,
  `updated_at` datetime DEFAULT NULL,
  PRIMARY KEY (`id_role`)
) ENGINE=InnoDB AUTO_INCREMENT=6 DEFAULT CHARSET=latin1;

/*Data for the table `u_role` */

insert  into `u_role`(`id_role`,`name_role`,`created_at`,`updated_at`) values (1,'Super User','2019-06-26 20:28:29','2019-06-26 20:28:29'),(2,'Marketing','2019-06-26 20:31:10','2019-06-26 20:31:13'),(3,'Manager','2019-06-26 20:31:15','2019-06-26 20:31:18'),(4,'Staff','2019-10-05 21:36:03',NULL),(5,'Admin QRcode','2019-10-05 21:36:06',NULL);

/*Table structure for table `u_staff` */

DROP TABLE IF EXISTS `u_staff`;

CREATE TABLE `u_staff` (
  `id_staff` int(10) NOT NULL AUTO_INCREMENT,
  `name` varchar(100) DEFAULT NULL,
  `url` varchar(100) DEFAULT NULL,
  `contact_person` varchar(100) DEFAULT NULL,
  `email` varchar(100) DEFAULT NULL,
  `photo_file_path` varchar(100) DEFAULT NULL,
  `photo_file_name` varchar(100) DEFAULT NULL,
  `created_at` datetime DEFAULT NULL,
  `updated_at` datetime DEFAULT NULL,
  PRIMARY KEY (`id_staff`)
) ENGINE=InnoDB AUTO_INCREMENT=13 DEFAULT CHARSET=latin1;

/*Data for the table `u_staff` */

insert  into `u_staff`(`id_staff`,`name`,`url`,`contact_person`,`email`,`photo_file_path`,`photo_file_name`,`created_at`,`updated_at`) values (1,'Test Dev','test','6282235676581','info@arafah.hk','assets/images/staff/','staff-190831165001.png',NULL,NULL),(3,'Eka','eka','85290354555','info@arafah.hk','assets/images/staff/','staff-190831160611.jpeg',NULL,NULL),(4,'Sofie','sofie','85267303233','info@arafah.hk','assets/images/staff/','staff-190831160841.jpg',NULL,NULL),(5,'Kusnul','kusnul','85268474447','info@arafah.hk','assets/images/staff/','staff-190831160922.jpg',NULL,NULL),(6,'Fanny','fanny','85291869955','info@arafah.hk','assets/images/staff/','staff-190831161054.png',NULL,'2019-09-03 19:25:31'),(7,'Adit','adit','6289601666330','info@arafah.hk','assets/images/staff/','staff-190831163308.jpg',NULL,NULL),(8,'Titik','titik','6282234638176','info@arafah.hk','assets/images/staff/','staff-190831163601.jpg',NULL,NULL),(9,'Ika','ika','6281233710910','info@arafah.hk','assets/images/staff/','staff-190831163647.jpg',NULL,NULL),(10,'Yuyun','yuyun','6282142700145','info@arafah.hk','assets/images/staff/','staff-190831163712.jpg',NULL,NULL),(11,'Rengga','rengga','6285746960173 ','info@arafah.hk','assets/images/staff/','staff-190831163744.jpg',NULL,NULL),(12,'Risma','risma','6285336993842','info@arafah.hk','assets/images/staff/','staff-190831163837.png',NULL,NULL);

/*Table structure for table `u_users` */

DROP TABLE IF EXISTS `u_users`;

CREATE TABLE `u_users` (
  `id_users` int(10) NOT NULL AUTO_INCREMENT,
  `id_role` int(10) NOT NULL,
  `name` varchar(255) DEFAULT NULL,
  `usernm` varchar(255) DEFAULT NULL,
  `passwd` varchar(255) DEFAULT NULL,
  `created_at` datetime DEFAULT NULL,
  `updated_at` datetime DEFAULT NULL,
  PRIMARY KEY (`id_users`)
) ENGINE=InnoDB AUTO_INCREMENT=7 DEFAULT CHARSET=latin1;

/*Data for the table `u_users` */

insert  into `u_users`(`id_users`,`id_role`,`name`,`usernm`,`passwd`,`created_at`,`updated_at`) values (1,1,'Administrator','adminarafah','1234adm@arafah!','2019-06-26 20:34:51','2019-06-26 20:34:53'),(2,5,'Admin QRcode','adminqrcode1','arafah@qrcode123','2019-08-27 05:51:56','2019-08-27 05:51:59'),(4,2,'Marketing','adminmarketing','arafah@marketing123','2019-08-27 18:08:57','2019-08-27 18:09:02'),(5,3,'Manager','adminmanager','arafah@manager123','2019-09-16 00:01:08',NULL),(6,4,'Staff','adminstaff','arafah@staff123',NULL,NULL);

/*!40101 SET SQL_MODE=@OLD_SQL_MODE */;
/*!40014 SET FOREIGN_KEY_CHECKS=@OLD_FOREIGN_KEY_CHECKS */;
/*!40014 SET UNIQUE_CHECKS=@OLD_UNIQUE_CHECKS */;
/*!40111 SET SQL_NOTES=@OLD_SQL_NOTES */;
